,id,date,sentiment,irony
0,,,NEU,not ironic
1,,,NEU,not ironic
2,,,NEU,not ironic
3,,,NEU,not ironic
4,,,NEU,not ironic
5,,,NEU,not ironic
6,,,NEU,not ironic
7,,,NEU,not ironic
8,,,NEU,not ironic
9,,,NEU,not ironic
10,,,NEU,not ironic
11,,,NEU,not ironic
12,,,NEU,not ironic
13,,,NEU,not ironic
14,,,NEU,not ironic
15,,,NEU,not ironic
16,,,NEU,not ironic
17,,,NEU,not ironic
18,,,NEU,not ironic
19,,,NEU,not ironic
20,,,NEU,not ironic
21,,,NEU,not ironic
22,,,NEU,not ironic
23,,,NEU,not ironic
24,,,NEU,not ironic
25,,,NEU,not ironic
26,,,NEU,not ironic
27,,,NEU,not ironic
28,,,NEU,not ironic
29,,,NEU,not ironic
30,,,NEU,not ironic
31,,,NEU,not ironic
32,,,NEU,not ironic
33,,,NEU,not ironic
34,,,NEU,not ironic
35,,,NEU,not ironic
36,,,NEU,not ironic
37,,,NEU,not ironic
38,,,NEU,not ironic
39,,,NEU,not ironic
40,,,NEU,not ironic
41,,,NEU,not ironic
42,,,NEU,not ironic
43,,,NEU,not ironic
44,,,NEU,not ironic
45,,,NEU,not ironic
46,,,NEU,not ironic
47,,,NEU,not ironic
48,,,NEU,not ironic
49,,,NEU,not ironic
50,,,NEU,not ironic
51,,,NEU,not ironic
52,,,NEU,not ironic
53,,,NEU,not ironic
54,,,NEU,not ironic
55,,,NEU,not ironic
56,,,NEU,not ironic
57,,,NEU,not ironic
58,,,NEU,not ironic
59,,,NEU,not ironic
60,,,NEU,not ironic
61,,,NEU,not ironic
62,,,NEU,not ironic
63,,,NEU,not ironic
64,,,NEU,not ironic
65,,,NEU,not ironic
66,,,NEU,not ironic
67,,,NEU,not ironic
68,,,NEU,not ironic
69,,,NEU,not ironic
70,,,NEU,not ironic
71,,,NEU,not ironic
72,,,NEU,not ironic
73,,,NEU,not ironic
74,,,NEU,not ironic
75,,,NEU,not ironic
76,,,NEU,not ironic
77,,,NEU,not ironic
78,,,NEU,not ironic
79,,,NEU,not ironic
80,,,NEU,not ironic
81,,,NEU,not ironic
82,,,NEU,not ironic
83,,,NEU,not ironic
84,,,NEU,not ironic
85,,,NEU,not ironic
86,,,NEU,not ironic
87,,,NEU,not ironic
88,,,NEU,not ironic
89,,,NEU,not ironic
90,,,NEU,not ironic
91,,,NEU,not ironic
92,,,NEU,not ironic
93,,,NEU,not ironic
94,,,NEU,not ironic
95,,,NEU,not ironic
96,,,NEU,not ironic
97,,,NEU,not ironic
98,,,NEU,not ironic
99,,,NEU,not ironic
100,,,NEU,not ironic
101,,,NEU,not ironic
102,,,NEU,not ironic
103,,,NEU,not ironic
104,,,NEU,not ironic
105,,,NEU,not ironic
106,,,NEU,not ironic
107,,,NEU,not ironic
108,,,NEU,not ironic
109,,,NEU,not ironic
110,,,NEU,not ironic
111,,,NEU,not ironic
112,,,NEU,not ironic
113,,,NEU,not ironic
114,,,NEU,not ironic
115,,,NEU,not ironic
116,,,NEU,not ironic
117,,,NEU,not ironic
118,,,NEU,not ironic
119,,,NEU,not ironic
120,,,NEU,not ironic
121,,,NEU,not ironic
122,,,NEU,not ironic
123,,,NEU,not ironic
124,,,NEU,not ironic
125,,,NEU,not ironic
126,,,NEU,not ironic
127,,,NEU,not ironic
128,,,NEU,not ironic
129,,,NEU,not ironic
130,,,NEU,not ironic
131,,,NEU,not ironic
132,,,NEU,not ironic
133,,,NEU,not ironic
134,,,NEU,not ironic
135,,,NEU,not ironic
136,,,NEU,not ironic
137,,,NEU,not ironic
138,,,NEU,not ironic
139,,,NEU,not ironic
140,,,NEU,not ironic
141,,,NEU,not ironic
142,,,NEU,not ironic
143,,,NEU,not ironic
144,,,NEU,not ironic
145,,,NEU,not ironic
146,,,NEU,not ironic
147,,,NEU,not ironic
148,,,NEU,not ironic
149,,,NEU,not ironic
150,,,NEU,not ironic
151,,,NEU,not ironic
152,,,NEU,not ironic
153,,,NEU,not ironic
154,,,NEU,not ironic
155,,,NEU,not ironic
156,,,NEU,not ironic
157,,,NEU,not ironic
158,,,NEU,not ironic
159,,,NEU,not ironic
160,,,NEU,not ironic
161,,,NEU,not ironic
162,,,NEU,not ironic
163,,,NEU,not ironic
164,,,NEU,not ironic
165,,,NEU,not ironic
166,,,NEU,not ironic
167,,,NEU,not ironic
168,,,NEU,not ironic
169,,,NEU,not ironic
170,,,NEU,not ironic
171,,,NEU,not ironic
172,,,NEU,not ironic
173,,,NEU,not ironic
174,,,NEU,not ironic
175,,,NEU,not ironic
176,,,NEU,not ironic
177,,,NEU,not ironic
178,,,NEU,not ironic
179,,,NEU,not ironic
180,,,NEU,not ironic
181,,,NEU,not ironic
182,,,NEU,not ironic
183,,,NEU,not ironic
184,,,NEU,not ironic
185,,,NEU,not ironic
186,,,NEU,not ironic
187,,,NEU,not ironic
188,,,NEU,not ironic
189,,,NEU,not ironic
190,,,NEU,not ironic
191,,,NEU,not ironic
192,,,NEU,not ironic
193,,,NEU,not ironic
194,,,NEU,not ironic
195,,,NEU,not ironic
196,,,NEU,not ironic
197,,,NEU,not ironic
198,,,NEU,not ironic
199,,,NEU,not ironic
200,,,NEU,not ironic
201,,,NEU,not ironic
202,,,NEU,not ironic
203,,,NEU,not ironic
204,,,NEU,not ironic
205,,,NEU,not ironic
206,,,NEU,not ironic
207,,,NEU,not ironic
208,,,NEU,not ironic
209,,,NEU,not ironic
210,,,NEU,not ironic
211,,,NEU,not ironic
212,,,NEU,not ironic
213,,,NEU,not ironic
214,,,NEU,not ironic
215,,,NEU,not ironic
216,,,NEU,not ironic
217,,,NEU,not ironic
218,,,NEU,not ironic
219,,,NEU,not ironic
220,,,NEU,not ironic
221,,,NEU,not ironic
222,,,NEU,not ironic
223,,,NEU,not ironic
224,,,NEU,not ironic
225,,,NEU,not ironic
226,,,NEU,not ironic
227,,,NEU,not ironic
228,,,NEU,not ironic
229,,,NEU,not ironic
230,,,NEU,not ironic
231,,,NEU,not ironic
232,,,NEU,not ironic
233,,,NEU,not ironic
234,,,NEU,not ironic
235,,,NEU,not ironic
236,,,NEU,not ironic
237,,,NEU,not ironic
238,,,NEU,not ironic
239,,,NEU,not ironic
240,,,NEU,not ironic
241,,,NEU,not ironic
242,,,NEU,not ironic
243,,,NEU,not ironic
244,,,NEU,not ironic
245,,,NEU,not ironic
246,,,NEU,not ironic
247,,,NEU,not ironic
248,,,NEU,not ironic
249,,,NEU,not ironic
250,,,NEU,not ironic
251,,,NEU,not ironic
252,,,NEU,not ironic
253,,,NEU,not ironic
254,,,NEU,not ironic
255,,,NEU,not ironic
256,,,NEU,not ironic
257,,,NEU,not ironic
258,,,NEU,not ironic
259,,,NEU,not ironic
260,,,NEU,not ironic
261,,,NEU,not ironic
262,,,NEU,not ironic
263,,,NEU,not ironic
264,,,NEU,not ironic
265,,,NEU,not ironic
266,,,NEU,not ironic
267,,,NEU,not ironic
268,,,NEU,not ironic
269,,,NEU,not ironic
270,,,NEU,not ironic
271,,,NEU,not ironic
272,,,NEU,not ironic
273,,,NEU,not ironic
274,,,NEU,not ironic
275,,,NEU,not ironic
276,,,NEU,not ironic
277,,,NEU,not ironic
278,,,NEU,not ironic
279,,,NEU,not ironic
280,,,NEU,not ironic
281,,,NEU,not ironic
282,,,NEU,not ironic
283,,,NEU,not ironic
284,,,NEU,not ironic
285,,,NEU,not ironic
286,,,NEU,not ironic
287,,,NEU,not ironic
288,,,NEU,not ironic
289,,,NEU,not ironic
290,,,NEU,not ironic
291,,,NEU,not ironic
292,,,NEU,not ironic
293,,,NEU,not ironic
294,,,NEU,not ironic
295,,,NEU,not ironic
296,,,NEU,not ironic
297,,,NEU,not ironic
298,,,NEU,not ironic
299,,,NEU,not ironic
300,,,NEU,not ironic
301,,,NEU,not ironic
302,,,NEU,not ironic
303,,,NEU,not ironic
304,,,NEU,not ironic
305,,,NEU,not ironic
306,,,NEU,not ironic
307,,,NEU,not ironic
308,,,NEU,not ironic
309,,,NEU,not ironic
310,,,NEU,not ironic
311,,,NEU,not ironic
312,,,NEU,not ironic
313,,,NEU,not ironic
314,,,NEU,not ironic
315,,,NEU,not ironic
316,,,NEU,not ironic
317,,,NEU,not ironic
318,,,NEU,not ironic
319,,,NEU,not ironic
320,,,NEU,not ironic
321,,,NEU,not ironic
322,,,NEU,not ironic
323,,,NEU,not ironic
324,,,NEU,not ironic
325,,,NEU,not ironic
326,,,NEU,not ironic
327,,,NEU,not ironic
328,,,NEU,not ironic
329,,,NEU,not ironic
330,,,NEU,not ironic
331,,,NEU,not ironic
332,,,NEU,not ironic
333,,,NEU,not ironic
334,,,NEU,not ironic
335,,,NEU,not ironic
336,,,NEU,not ironic
337,,,NEU,not ironic
338,,,NEU,not ironic
339,,,NEU,not ironic
340,,,NEU,not ironic
341,,,NEU,not ironic
342,,,NEU,not ironic
343,,,NEU,not ironic
344,,,NEU,not ironic
345,,,NEU,not ironic
346,,,NEU,not ironic
347,,,NEU,not ironic
348,,,NEU,not ironic
349,,,NEU,not ironic
350,,,NEU,not ironic
351,,,NEU,not ironic
352,,,NEU,not ironic
353,,,NEU,not ironic
354,,,NEU,not ironic
355,,,NEU,not ironic
356,,,NEU,not ironic
357,,,NEU,not ironic
358,,,NEU,not ironic
359,,,NEU,not ironic
360,,,NEU,not ironic
361,,,NEU,not ironic
362,,,NEU,not ironic
363,,,NEU,not ironic
364,,,NEU,not ironic
365,,,NEU,not ironic
366,,,NEU,not ironic
367,,,NEU,not ironic
368,,,NEU,not ironic
369,,,NEU,not ironic
370,,,NEU,not ironic
371,,,NEU,not ironic
372,,,NEU,not ironic
373,,,NEU,not ironic
374,,,NEU,not ironic
375,,,NEU,not ironic
376,,,NEU,not ironic
377,,,NEU,not ironic
378,,,NEU,not ironic
379,,,NEU,not ironic
380,,,NEU,not ironic
381,,,NEU,not ironic
382,,,NEU,not ironic
383,,,NEU,not ironic
384,,,NEU,not ironic
385,,,NEU,not ironic
386,,,NEU,not ironic
387,,,NEU,not ironic
388,,,NEU,not ironic
389,,,NEU,not ironic
390,,,NEU,not ironic
391,,,NEU,not ironic
392,,,NEU,not ironic
393,,,NEU,not ironic
394,,,NEU,not ironic
395,,,NEU,not ironic
396,,,NEU,not ironic
397,,,NEU,not ironic
398,,,NEU,not ironic
399,,,NEU,not ironic
400,,,NEU,not ironic
401,,,NEU,not ironic
402,,,NEU,not ironic
403,,,NEU,not ironic
404,,,NEU,not ironic
405,,,NEU,not ironic
406,,,NEU,not ironic
407,,,NEU,not ironic
408,,,NEU,not ironic
409,,,NEU,not ironic
410,,,NEU,not ironic
411,,,NEU,not ironic
412,,,NEU,not ironic
413,,,NEU,not ironic
414,,,NEU,not ironic
415,,,NEU,not ironic
416,,,NEU,not ironic
417,,,NEU,not ironic
418,,,NEU,not ironic
419,,,NEU,not ironic
420,,,NEU,not ironic
421,,,NEU,not ironic
422,,,NEU,not ironic
423,,,NEU,not ironic
424,,,NEU,not ironic
425,,,NEU,not ironic
426,,,NEU,not ironic
427,,,NEU,not ironic
428,,,NEU,not ironic
429,,,NEU,not ironic
430,,,NEU,not ironic
431,,,NEU,not ironic
432,,,NEU,not ironic
433,,,NEU,not ironic
434,,,NEU,not ironic
435,,,NEU,not ironic
436,,,NEU,not ironic
437,,,NEU,not ironic
438,,,NEU,not ironic
439,,,NEU,not ironic
440,,,NEU,not ironic
441,,,NEU,not ironic
442,,,NEU,not ironic
443,,,NEU,not ironic
444,,,NEU,not ironic
445,,,NEU,not ironic
446,,,NEU,not ironic
447,,,NEU,not ironic
448,,,NEU,not ironic
449,,,NEU,not ironic
450,,,NEU,not ironic
451,,,NEU,not ironic
452,,,NEU,not ironic
453,,,NEU,not ironic
454,,,NEU,not ironic
455,,,NEU,not ironic
456,,,NEU,not ironic
457,,,NEU,not ironic
458,,,NEU,not ironic
459,,,NEU,not ironic
460,,,NEU,not ironic
461,,,NEU,not ironic
462,,,NEU,not ironic
463,,,NEU,not ironic
464,,,NEU,not ironic
465,,,NEU,not ironic
466,,,NEU,not ironic
467,,,NEU,not ironic
468,,,NEU,not ironic
469,,,NEU,not ironic
470,,,NEU,not ironic
471,,,NEU,not ironic
472,,,NEU,not ironic
473,,,NEU,not ironic
474,,,NEU,not ironic
475,,,NEU,not ironic
476,,,NEU,not ironic
477,,,NEU,not ironic
478,,,NEU,not ironic
479,,,NEU,not ironic
480,,,NEU,not ironic
481,,,NEU,not ironic
482,,,NEU,not ironic
483,,,NEU,not ironic
484,,,NEU,not ironic
485,,,NEU,not ironic
486,,,NEU,not ironic
487,,,NEU,not ironic
488,,,NEU,not ironic
489,,,NEU,not ironic
490,,,NEU,not ironic
491,,,NEU,not ironic
492,,,NEU,not ironic
493,,,NEU,not ironic
494,,,NEU,not ironic
495,,,NEU,not ironic
496,,,NEU,not ironic
497,,,NEU,not ironic
498,,,NEU,not ironic
499,,,NEU,not ironic
500,,,NEU,not ironic
501,,,NEU,not ironic
502,,,NEU,not ironic
503,,,NEU,not ironic
504,,,NEU,not ironic
505,,,NEU,not ironic
506,,,NEU,not ironic
507,,,NEU,not ironic
508,,,NEU,not ironic
509,,,NEU,not ironic
510,,,NEU,not ironic
511,,,NEU,not ironic
512,,,NEU,not ironic
513,,,NEU,not ironic
514,,,NEU,not ironic
515,,,NEU,not ironic
516,,,NEU,not ironic
517,,,NEU,not ironic
518,,,NEU,not ironic
519,,,NEU,not ironic
520,,,NEU,not ironic
521,,,NEU,not ironic
522,,,NEU,not ironic
523,,,NEU,not ironic
524,,,NEU,not ironic
525,,,NEU,not ironic
526,,,NEU,not ironic
527,,,NEU,not ironic
528,,,NEU,not ironic
529,,,NEU,not ironic
530,,,NEU,not ironic
531,,,NEU,not ironic
532,,,NEU,not ironic
533,,,NEU,not ironic
534,,,NEU,not ironic
535,,,NEU,not ironic
536,,,NEU,not ironic
537,,,NEU,not ironic
538,,,NEU,not ironic
539,,,NEU,not ironic
540,,,NEU,not ironic
541,,,NEU,not ironic
542,,,NEU,not ironic
543,,,NEU,not ironic
544,,,NEU,not ironic
545,,,NEU,not ironic
546,,,NEU,not ironic
547,,,NEU,not ironic
548,,,NEU,not ironic
549,,,NEU,not ironic
550,,,NEU,not ironic
551,,,NEU,not ironic
552,,,NEU,not ironic
553,,,NEU,not ironic
554,,,NEU,not ironic
555,,,NEU,not ironic
556,,,NEU,not ironic
557,,,NEU,not ironic
558,,,NEU,not ironic
559,,,NEU,not ironic
560,,,NEU,not ironic
561,,,NEU,not ironic
562,,,NEU,not ironic
563,,,NEU,not ironic
564,,,NEU,not ironic
565,,,NEU,not ironic
566,,,NEU,not ironic
567,,,NEU,not ironic
568,,,NEU,not ironic
569,,,NEU,not ironic
570,,,NEU,not ironic
571,,,NEU,not ironic
572,,,NEU,not ironic
573,,,NEU,not ironic
574,,,NEU,not ironic
575,,,NEU,not ironic
576,,,NEU,not ironic
577,,,NEU,not ironic
578,,,NEU,not ironic
579,,,NEU,not ironic
580,,,NEU,not ironic
581,,,NEU,not ironic
582,,,NEU,not ironic
583,,,NEU,not ironic
584,,,NEU,not ironic
585,,,NEU,not ironic
586,,,NEU,not ironic
587,,,NEU,not ironic
588,,,NEU,not ironic
589,,,NEU,not ironic
590,,,NEU,not ironic
591,,,NEU,not ironic
592,,,NEU,not ironic
593,,,NEU,not ironic
594,,,NEU,not ironic
595,,,NEU,not ironic
596,,,NEU,not ironic
597,,,NEU,not ironic
598,,,NEU,not ironic
599,,,NEU,not ironic
600,,,NEU,not ironic
601,,,NEU,not ironic
602,,,NEU,not ironic
603,,,NEU,not ironic
604,,,NEU,not ironic
605,,,NEU,not ironic
606,,,NEU,not ironic
607,,,NEU,not ironic
608,,,NEU,not ironic
609,,,NEU,not ironic
610,,,NEU,not ironic
611,,,NEU,not ironic
612,,,NEU,not ironic
613,,,NEU,not ironic
614,,,NEU,not ironic
615,,,NEU,not ironic
616,,,NEU,not ironic
617,,,NEU,not ironic
618,,,NEU,not ironic
619,,,NEU,not ironic
620,,,NEU,not ironic
621,,,NEU,not ironic
622,,,NEU,not ironic
623,,,NEU,not ironic
624,,,NEU,not ironic
625,,,NEU,not ironic
626,,,NEU,not ironic
627,,,NEU,not ironic
628,,,NEU,not ironic
629,,,NEU,not ironic
630,,,NEU,not ironic
631,,,NEU,not ironic
632,,,NEU,not ironic
633,,,NEU,not ironic
634,,,NEU,not ironic
635,,,NEU,not ironic
636,,,NEU,not ironic
637,,,NEU,not ironic
638,,,NEU,not ironic
639,,,NEU,not ironic
640,,,NEU,not ironic
641,,,NEU,not ironic
642,,,NEU,not ironic
643,,,NEU,not ironic
644,,,NEU,not ironic
645,,,NEU,not ironic
646,,,NEU,not ironic
647,,,NEU,not ironic
648,,,NEU,not ironic
649,,,NEU,not ironic
650,,,NEU,not ironic
651,,,NEU,not ironic
652,,,NEU,not ironic
653,,,NEU,not ironic
654,,,NEU,not ironic
655,,,NEU,not ironic
656,,,NEU,not ironic
657,,,NEU,not ironic
658,,,NEU,not ironic
659,,,NEU,not ironic
660,,,NEU,not ironic
661,,,NEU,not ironic
662,,,NEU,not ironic
663,,,NEU,not ironic
664,,,NEU,not ironic
665,,,NEU,not ironic
666,,,NEU,not ironic
667,,,NEU,not ironic
668,,,NEU,not ironic
669,,,NEU,not ironic
670,,,NEU,not ironic
671,,,NEU,not ironic
672,,,NEU,not ironic
673,,,NEU,not ironic
674,,,NEU,not ironic
675,,,NEU,not ironic
676,,,NEU,not ironic
677,,,NEU,not ironic
678,,,NEU,not ironic
679,,,NEU,not ironic
680,,,NEU,not ironic
681,,,NEU,not ironic
682,,,NEU,not ironic
683,,,NEU,not ironic
684,,,NEU,not ironic
685,,,NEU,not ironic
686,,,NEU,not ironic
687,,,NEU,not ironic
688,,,NEU,not ironic
689,,,NEU,not ironic
690,,,NEU,not ironic
691,,,NEU,not ironic
692,,,NEU,not ironic
693,,,NEU,not ironic
694,,,NEU,not ironic
695,,,NEU,not ironic
696,,,NEU,not ironic
697,,,NEU,not ironic
698,,,NEU,not ironic
699,,,NEU,not ironic
700,,,NEU,not ironic
701,,,NEU,not ironic
702,,,NEU,not ironic
703,,,NEU,not ironic
704,,,NEU,not ironic
705,,,NEU,not ironic
706,,,NEU,not ironic
707,,,NEU,not ironic
708,,,NEU,not ironic
709,,,NEU,not ironic
710,,,NEU,not ironic
711,,,NEU,not ironic
712,,,NEU,not ironic
713,,,NEU,not ironic
714,,,NEU,not ironic
715,,,NEU,not ironic
716,,,NEU,not ironic
717,,,NEU,not ironic
718,,,NEU,not ironic
719,,,NEU,not ironic
720,,,NEU,not ironic
721,,,NEU,not ironic
722,,,NEU,not ironic
723,,,NEU,not ironic
724,,,NEU,not ironic
725,,,NEU,not ironic
726,,,NEU,not ironic
727,,,NEU,not ironic
728,,,NEU,not ironic
729,,,NEU,not ironic
730,,,NEU,not ironic
731,,,NEU,not ironic
732,,,NEU,not ironic
733,,,NEU,not ironic
734,,,NEU,not ironic
735,,,NEU,not ironic
736,,,NEU,not ironic
737,,,NEU,not ironic
738,,,NEU,not ironic
739,,,NEU,not ironic
740,,,NEU,not ironic
741,,,NEU,not ironic
742,,,NEU,not ironic
743,,,NEU,not ironic
744,,,NEU,not ironic
745,,,NEU,not ironic
746,,,NEU,not ironic
747,,,NEU,not ironic
748,,,NEU,not ironic
749,,,NEU,not ironic
750,,,NEU,not ironic
751,,,NEU,not ironic
752,,,NEU,not ironic
753,,,NEU,not ironic
754,,,NEU,not ironic
755,,,NEU,not ironic
756,,,NEU,not ironic
757,,,NEU,not ironic
758,,,NEU,not ironic
759,,,NEU,not ironic
760,,,NEU,not ironic
761,,,NEU,not ironic
762,,,NEU,not ironic
763,,,NEU,not ironic
764,,,NEU,not ironic
765,,,NEU,not ironic
766,,,NEU,not ironic
767,,,NEU,not ironic
768,,,NEU,not ironic
769,,,NEU,not ironic
770,,,NEU,not ironic
771,,,NEU,not ironic
772,,,NEU,not ironic
773,,,NEU,not ironic
774,,,NEU,not ironic
775,,,NEU,not ironic
776,,,NEU,not ironic
777,,,NEU,not ironic
778,,,NEU,not ironic
779,,,NEU,not ironic
780,,,NEU,not ironic
781,,,NEU,not ironic
782,,,NEU,not ironic
783,,,NEU,not ironic
784,,,NEU,not ironic
785,,,NEU,not ironic
786,,,NEU,not ironic
787,,,NEU,not ironic
788,,,NEU,not ironic
789,,,NEU,not ironic
790,,,NEU,not ironic
791,,,NEU,not ironic
792,,,NEU,not ironic
793,,,NEU,not ironic
794,,,NEU,not ironic
795,,,NEU,not ironic
796,,,NEU,not ironic
797,,,NEU,not ironic
798,,,NEU,not ironic
799,,,NEU,not ironic
800,,,NEU,not ironic
801,,,NEU,not ironic
802,,,NEU,not ironic
803,,,NEU,not ironic
804,,,NEU,not ironic
805,,,NEU,not ironic
806,,,NEU,not ironic
807,,,NEU,not ironic
808,,,NEU,not ironic
809,,,NEU,not ironic
810,,,NEU,not ironic
811,,,NEU,not ironic
812,,,NEU,not ironic
813,,,NEU,not ironic
814,,,NEU,not ironic
815,,,NEU,not ironic
816,,,NEU,not ironic
817,,,NEU,not ironic
818,,,NEU,not ironic
819,,,NEU,not ironic
820,,,NEU,not ironic
821,,,NEU,not ironic
822,,,NEU,not ironic
823,,,NEU,not ironic
824,,,NEU,not ironic
825,,,NEU,not ironic
826,,,NEU,not ironic
827,,,NEU,not ironic
828,,,NEU,not ironic
829,,,NEU,not ironic
830,,,NEU,not ironic
831,,,NEU,not ironic
832,,,NEU,not ironic
833,,,NEU,not ironic
834,,,NEU,not ironic
835,,,NEU,not ironic
836,,,NEU,not ironic
837,,,NEU,not ironic
838,,,NEU,not ironic
839,,,NEU,not ironic
840,,,NEU,not ironic
841,,,NEU,not ironic
842,,,NEU,not ironic
843,,,NEU,not ironic
844,,,NEU,not ironic
845,,,NEU,not ironic
846,,,NEU,not ironic
847,,,NEU,not ironic
848,,,NEU,not ironic
849,,,NEU,not ironic
850,,,NEU,not ironic
851,,,NEU,not ironic
852,,,NEU,not ironic
853,,,NEU,not ironic
854,,,NEU,not ironic
855,,,NEU,not ironic
856,,,NEU,not ironic
857,,,NEU,not ironic
858,,,NEU,not ironic
859,,,NEU,not ironic
860,,,NEU,not ironic
861,,,NEU,not ironic
862,,,NEU,not ironic
863,,,NEU,not ironic
864,,,NEU,not ironic
865,,,NEU,not ironic
866,,,NEU,not ironic
867,,,NEU,not ironic
868,,,NEU,not ironic
869,,,NEU,not ironic
870,,,NEU,not ironic
871,,,NEU,not ironic
872,,,NEU,not ironic
873,,,NEU,not ironic
874,,,NEU,not ironic
875,,,NEU,not ironic
876,,,NEU,not ironic
877,,,NEU,not ironic
878,,,NEU,not ironic
879,,,NEU,not ironic
880,,,NEU,not ironic
881,,,NEU,not ironic
882,,,NEU,not ironic
883,,,NEU,not ironic
884,,,NEU,not ironic
885,,,NEU,not ironic
886,,,NEU,not ironic
887,,,NEU,not ironic
888,,,NEU,not ironic
889,,,NEU,not ironic
890,,,NEU,not ironic
891,,,NEU,not ironic
892,,,NEU,not ironic
893,,,NEU,not ironic
894,,,NEU,not ironic
895,,,NEU,not ironic
896,,,NEU,not ironic
897,,,NEU,not ironic
898,,,NEU,not ironic
899,,,NEU,not ironic
900,,,NEU,not ironic
901,,,NEU,not ironic
902,,,NEU,not ironic
903,,,NEU,not ironic
904,,,NEU,not ironic
905,,,NEU,not ironic
906,,,NEU,not ironic
907,,,NEU,not ironic
908,,,NEU,not ironic
909,,,NEU,not ironic
910,,,NEU,not ironic
911,,,NEU,not ironic
912,,,NEU,not ironic
913,,,NEU,not ironic
914,,,NEU,not ironic
915,,,NEU,not ironic
916,,,NEU,not ironic
917,,,NEU,not ironic
918,,,NEU,not ironic
919,,,NEU,not ironic
920,,,NEU,not ironic
921,,,NEU,not ironic
922,,,NEU,not ironic
923,,,NEU,not ironic
924,,,NEU,not ironic
925,,,NEU,not ironic
926,,,NEU,not ironic
927,,,NEU,not ironic
928,,,NEU,not ironic
929,,,NEU,not ironic
930,,,NEU,not ironic
931,,,NEU,not ironic
932,,,NEU,not ironic
933,,,NEU,not ironic
934,,,NEU,not ironic
935,,,NEU,not ironic
936,,,NEU,not ironic
937,,,NEU,not ironic
938,,,NEU,not ironic
939,,,NEU,not ironic
940,,,NEU,not ironic
941,,,NEU,not ironic
942,,,NEU,not ironic
943,,,NEU,not ironic
944,,,NEU,not ironic
945,,,NEU,not ironic
946,,,NEU,not ironic
947,,,NEU,not ironic
948,,,NEU,not ironic
949,,,NEU,not ironic
950,,,NEU,not ironic
951,,,NEU,not ironic
952,,,NEU,not ironic
953,,,NEU,not ironic
954,,,NEU,not ironic
955,,,NEU,not ironic
956,,,NEU,not ironic
957,,,NEU,not ironic
958,,,NEU,not ironic
959,,,NEU,not ironic
960,,,NEU,not ironic
961,,,NEU,not ironic
962,,,NEU,not ironic
963,,,NEU,not ironic
964,,,NEU,not ironic
965,,,NEU,not ironic
966,,,NEU,not ironic
967,,,NEU,not ironic
968,,,NEU,not ironic
969,,,NEU,not ironic
970,,,NEU,not ironic
971,,,NEU,not ironic
972,,,NEU,not ironic
973,,,NEU,not ironic
974,,,NEU,not ironic
975,,,NEU,not ironic
976,,,NEU,not ironic
977,,,NEU,not ironic
978,,,NEU,not ironic
979,,,NEU,not ironic
980,,,NEU,not ironic
981,,,NEU,not ironic
982,,,NEU,not ironic
983,,,NEU,not ironic
984,,,NEU,not ironic
985,,,NEU,not ironic
986,,,NEU,not ironic
987,,,NEU,not ironic
988,,,NEU,not ironic
989,,,NEU,not ironic
990,,,NEU,not ironic
991,,,NEU,not ironic
992,,,NEU,not ironic
993,,,NEU,not ironic
994,,,NEU,not ironic
995,,,NEU,not ironic
996,,,NEU,not ironic
997,,,NEU,not ironic
998,,,NEU,not ironic
999,,,NEU,not ironic
1000,,,NEU,not ironic
1001,,,NEU,not ironic
1002,,,NEU,not ironic
1003,,,NEU,not ironic
1004,,,NEU,not ironic
1005,,,NEU,not ironic
1006,,,NEU,not ironic
1007,,,NEU,not ironic
1008,,,NEU,not ironic
1009,,,NEU,not ironic
1010,,,NEU,not ironic
1011,,,NEU,not ironic
1012,,,NEU,not ironic
1013,,,NEU,not ironic
1014,,,NEU,not ironic
1015,,,NEU,not ironic
1016,,,NEU,not ironic
1017,,,NEU,not ironic
1018,,,NEU,not ironic
1019,,,NEU,not ironic
1020,,,NEU,not ironic
1021,,,NEU,not ironic
1022,,,NEU,not ironic
1023,,,NEU,not ironic
1024,,,NEU,not ironic
1025,,,NEU,not ironic
1026,,,NEU,not ironic
1027,,,NEU,not ironic
1028,,,NEU,not ironic
1029,,,NEU,not ironic
1030,,,NEU,not ironic
1031,,,NEU,not ironic
1032,,,NEU,not ironic
1033,,,NEU,not ironic
1034,,,NEU,not ironic
1035,,,NEU,not ironic
1036,,,NEU,not ironic
1037,,,NEU,not ironic
1038,,,NEU,not ironic
1039,,,NEU,not ironic
1040,,,NEU,not ironic
1041,,,NEU,not ironic
1042,,,NEU,not ironic
1043,,,NEU,not ironic
1044,,,NEU,not ironic
1045,,,NEU,not ironic
1046,,,NEU,not ironic
1047,,,NEU,not ironic
1048,,,NEU,not ironic
1049,,,NEU,not ironic
1050,,,NEU,not ironic
1051,,,NEU,not ironic
1052,,,NEU,not ironic
1053,,,NEU,not ironic
1054,,,NEU,not ironic
1055,,,NEU,not ironic
1056,,,NEU,not ironic
1057,,,NEU,not ironic
1058,,,NEU,not ironic
1059,,,NEU,not ironic
1060,,,NEU,not ironic
1061,,,NEU,not ironic
1062,,,NEU,not ironic
1063,,,NEU,not ironic
1064,,,NEU,not ironic
1065,,,NEU,not ironic
1066,,,NEU,not ironic
1067,,,NEU,not ironic
1068,,,NEU,not ironic
1069,,,NEU,not ironic
1070,,,NEU,not ironic
1071,,,NEU,not ironic
1072,,,NEU,not ironic
1073,,,NEU,not ironic
1074,,,NEU,not ironic
1075,,,NEU,not ironic
1076,,,NEU,not ironic
1077,,,NEU,not ironic
1078,,,NEU,not ironic
1079,,,NEU,not ironic
1080,,,NEU,not ironic
1081,,,NEU,not ironic
1082,,,NEU,not ironic
1083,,,NEU,not ironic
1084,,,NEU,not ironic
1085,,,NEU,not ironic
1086,,,NEU,not ironic
1087,,,NEU,not ironic
1088,,,NEU,not ironic
1089,,,NEU,not ironic
1090,,,NEU,not ironic
1091,,,NEU,not ironic
1092,,,NEU,not ironic
1093,,,NEU,not ironic
1094,,,NEU,not ironic
1095,,,NEU,not ironic
1096,,,NEU,not ironic
1097,,,NEU,not ironic
1098,,,NEU,not ironic
1099,,,NEU,not ironic
1100,,,NEU,not ironic
1101,,,NEU,not ironic
1102,,,NEU,not ironic
1103,,,NEU,not ironic
1104,,,NEU,not ironic
1105,,,NEU,not ironic
1106,,,NEU,not ironic
1107,,,NEU,not ironic
1108,,,NEU,not ironic
1109,,,NEU,not ironic
1110,,,NEU,not ironic
1111,,,NEU,not ironic
1112,,,NEU,not ironic
1113,,,NEU,not ironic
1114,,,NEU,not ironic
1115,,,NEU,not ironic
1116,,,NEU,not ironic
1117,,,NEU,not ironic
1118,,,NEU,not ironic
1119,,,NEU,not ironic
1120,,,NEU,not ironic
1121,,,NEU,not ironic
1122,,,NEU,not ironic
1123,,,NEU,not ironic
1124,,,NEU,not ironic
1125,,,NEU,not ironic
1126,,,NEU,not ironic
1127,,,NEU,not ironic
1128,,,NEU,not ironic
1129,,,NEU,not ironic
1130,,,NEU,not ironic
1131,,,NEU,not ironic
1132,,,NEU,not ironic
1133,,,NEU,not ironic
1134,,,NEU,not ironic
1135,,,NEU,not ironic
1136,,,NEU,not ironic
1137,,,NEU,not ironic
1138,,,NEU,not ironic
1139,,,NEU,not ironic
1140,,,NEU,not ironic
1141,,,NEU,not ironic
1142,,,NEU,not ironic
1143,,,NEU,not ironic
1144,,,NEU,not ironic
1145,,,NEU,not ironic
1146,,,NEU,not ironic
1147,,,NEU,not ironic
1148,,,NEU,not ironic
1149,,,NEU,not ironic
1150,,,NEU,not ironic
1151,,,NEU,not ironic
1152,,,NEU,not ironic
1153,,,NEU,not ironic
1154,,,NEU,not ironic
1155,,,NEU,not ironic
1156,,,NEU,not ironic
1157,,,NEU,not ironic
1158,,,NEU,not ironic
1159,,,NEU,not ironic
1160,,,NEU,not ironic
1161,,,NEU,not ironic
1162,,,NEU,not ironic
1163,,,NEU,not ironic
1164,,,NEU,not ironic
1165,,,NEU,not ironic
1166,,,NEU,not ironic
1167,,,NEU,not ironic
1168,,,NEU,not ironic
1169,,,NEU,not ironic
1170,,,NEU,not ironic
1171,,,NEU,not ironic
1172,,,NEU,not ironic
1173,,,NEU,not ironic
1174,,,NEU,not ironic
1175,,,NEU,not ironic
1176,,,NEU,not ironic
1177,,,NEU,not ironic
1178,,,NEU,not ironic
1179,,,NEU,not ironic
1180,,,NEU,not ironic
1181,,,NEU,not ironic
1182,,,NEU,not ironic
1183,,,NEU,not ironic
1184,,,NEU,not ironic
1185,,,NEU,not ironic
1186,,,NEU,not ironic
1187,,,NEU,not ironic
1188,,,NEU,not ironic
1189,,,NEU,not ironic
1190,,,NEU,not ironic
1191,,,NEU,not ironic
1192,,,NEU,not ironic
1193,,,NEU,not ironic
1194,,,NEU,not ironic
1195,,,NEU,not ironic
1196,,,NEU,not ironic
1197,,,NEU,not ironic
1198,,,NEU,not ironic
1199,,,NEU,not ironic
1200,,,NEU,not ironic
1201,,,NEU,not ironic
1202,,,NEU,not ironic
1203,,,NEU,not ironic
1204,,,NEU,not ironic
1205,,,NEU,not ironic
1206,,,NEU,not ironic
1207,,,NEU,not ironic
1208,,,NEU,not ironic
1209,,,NEU,not ironic
1210,,,NEU,not ironic
1211,,,NEU,not ironic
1212,,,NEU,not ironic
1213,,,NEU,not ironic
1214,,,NEU,not ironic
1215,,,NEU,not ironic
1216,,,NEU,not ironic
1217,,,NEU,not ironic
1218,,,NEU,not ironic
1219,,,NEU,not ironic
1220,,,NEU,not ironic
1221,,,NEU,not ironic
1222,,,NEU,not ironic
1223,,,NEU,not ironic
1224,,,NEU,not ironic
1225,,,NEU,not ironic
1226,,,NEU,not ironic
1227,,,NEU,not ironic
1228,,,NEU,not ironic
1229,,,NEU,not ironic
1230,,,NEU,not ironic
1231,,,NEU,not ironic
1232,,,NEU,not ironic
1233,,,NEU,not ironic
1234,,,NEU,not ironic
1235,,,NEU,not ironic
1236,,,NEU,not ironic
1237,,,NEU,not ironic
1238,,,NEU,not ironic
1239,,,NEU,not ironic
1240,,,NEU,not ironic
1241,,,NEU,not ironic
1242,,,NEU,not ironic
1243,,,NEU,not ironic
1244,,,NEU,not ironic
1245,,,NEU,not ironic
1246,,,NEU,not ironic
1247,,,NEU,not ironic
1248,,,NEU,not ironic
1249,,,NEU,not ironic
1250,,,NEU,not ironic
1251,,,NEU,not ironic
1252,,,NEU,not ironic
1253,,,NEU,not ironic
1254,,,NEU,not ironic
1255,,,NEU,not ironic
1256,,,NEU,not ironic
1257,,,NEU,not ironic
1258,,,NEU,not ironic
1259,,,NEU,not ironic
1260,,,NEU,not ironic
1261,,,NEU,not ironic
1262,,,NEU,not ironic
1263,,,NEU,not ironic
1264,,,NEU,not ironic
1265,,,NEU,not ironic
1266,,,NEU,not ironic
1267,,,NEU,not ironic
1268,,,NEU,not ironic
1269,,,NEU,not ironic
1270,,,NEU,not ironic
1271,,,NEU,not ironic
1272,,,NEU,not ironic
1273,,,NEU,not ironic
1274,,,NEU,not ironic
1275,,,NEU,not ironic
1276,,,NEU,not ironic
1277,,,NEU,not ironic
1278,,,NEU,not ironic
1279,,,NEU,not ironic
1280,,,NEU,not ironic
1281,,,NEU,not ironic
1282,,,NEU,not ironic
1283,,,NEU,not ironic
1284,,,NEU,not ironic
1285,,,NEU,not ironic
1286,,,NEU,not ironic
1287,,,NEU,not ironic
1288,,,NEU,not ironic
1289,,,NEU,not ironic
1290,,,NEU,not ironic
1291,,,NEU,not ironic
1292,,,NEU,not ironic
1293,,,NEU,not ironic
1294,,,NEU,not ironic
1295,,,NEU,not ironic
1296,,,NEU,not ironic
1297,,,NEU,not ironic
1298,,,NEU,not ironic
1299,,,NEU,not ironic
1300,,,NEU,not ironic
1301,,,NEU,not ironic
1302,,,NEU,not ironic
1303,,,NEU,not ironic
1304,,,NEU,not ironic
1305,,,NEU,not ironic
1306,,,NEU,not ironic
1307,,,NEU,not ironic
1308,,,NEU,not ironic
1309,,,NEU,not ironic
1310,,,NEU,not ironic
1311,,,NEU,not ironic
1312,,,NEU,not ironic
1313,,,NEU,not ironic
1314,,,NEU,not ironic
1315,,,NEU,not ironic
1316,,,NEU,not ironic
1317,,,NEU,not ironic
1318,,,NEU,not ironic
1319,,,NEU,not ironic
1320,,,NEU,not ironic
1321,,,NEU,not ironic
1322,,,NEU,not ironic
1323,,,NEU,not ironic
1324,,,NEU,not ironic
1325,,,NEU,not ironic
1326,,,NEU,not ironic
1327,,,NEU,not ironic
1328,,,NEU,not ironic
1329,,,NEU,not ironic
1330,,,NEU,not ironic
1331,,,NEU,not ironic
1332,,,NEU,not ironic
1333,,,NEU,not ironic
1334,,,NEU,not ironic
1335,,,NEU,not ironic
1336,,,NEU,not ironic
1337,,,NEU,not ironic
1338,,,NEU,not ironic
1339,,,NEU,not ironic
1340,,,NEU,not ironic
1341,,,NEU,not ironic
1342,,,NEU,not ironic
1343,,,NEU,not ironic
1344,,,NEU,not ironic
1345,,,NEU,not ironic
1346,,,NEU,not ironic
1347,,,NEU,not ironic
1348,,,NEU,not ironic
1349,,,NEU,not ironic
1350,,,NEU,not ironic
1351,,,NEU,not ironic
1352,,,NEU,not ironic
1353,,,NEU,not ironic
1354,,,NEU,not ironic
1355,,,NEU,not ironic
1356,,,NEU,not ironic
1357,,,NEU,not ironic
1358,,,NEU,not ironic
1359,,,NEU,not ironic
1360,,,NEU,not ironic
1361,,,NEU,not ironic
1362,,,NEU,not ironic
1363,,,NEU,not ironic
1364,,,NEU,not ironic
1365,,,NEU,not ironic
1366,,,NEU,not ironic
1367,,,NEU,not ironic
1368,,,NEU,not ironic
1369,,,NEU,not ironic
1370,,,NEU,not ironic
1371,,,NEU,not ironic
1372,,,NEU,not ironic
1373,,,NEU,not ironic
1374,,,NEU,not ironic
1375,,,NEU,not ironic
1376,,,NEU,not ironic
1377,,,NEU,not ironic
1378,,,NEU,not ironic
1379,,,NEU,not ironic
1380,,,NEU,not ironic
1381,,,NEU,not ironic
1382,,,NEU,not ironic
1383,,,NEU,not ironic
1384,,,NEU,not ironic
1385,,,NEU,not ironic
1386,,,NEU,not ironic
1387,,,NEU,not ironic
1388,,,NEU,not ironic
1389,,,NEU,not ironic
1390,,,NEU,not ironic
1391,,,NEU,not ironic
1392,,,NEU,not ironic
1393,,,NEU,not ironic
1394,,,NEU,not ironic
1395,,,NEU,not ironic
1396,,,NEU,not ironic
1397,,,NEU,not ironic
1398,,,NEU,not ironic
1399,,,NEU,not ironic
1400,,,NEU,not ironic
1401,,,NEU,not ironic
1402,,,NEU,not ironic
1403,,,NEU,not ironic
1404,,,NEU,not ironic
1405,,,NEU,not ironic
1406,,,NEU,not ironic
1407,,,NEU,not ironic
1408,,,NEU,not ironic
1409,,,NEU,not ironic
1410,,,NEU,not ironic
1411,,,NEU,not ironic
1412,,,NEU,not ironic
1413,,,NEU,not ironic
1414,,,NEU,not ironic
1415,,,NEU,not ironic
1416,,,NEU,not ironic
1417,,,NEU,not ironic
1418,,,NEU,not ironic
1419,,,NEU,not ironic
1420,,,NEU,not ironic
1421,,,NEU,not ironic
1422,,,NEU,not ironic
1423,,,NEU,not ironic
1424,,,NEU,not ironic
1425,,,NEU,not ironic
1426,,,NEU,not ironic
1427,,,NEU,not ironic
1428,,,NEU,not ironic
1429,,,NEU,not ironic
1430,,,NEU,not ironic
1431,,,NEU,not ironic
1432,,,NEU,not ironic
1433,,,NEU,not ironic
1434,,,NEU,not ironic
1435,,,NEU,not ironic
1436,,,NEU,not ironic
1437,,,NEU,not ironic
1438,,,NEU,not ironic
1439,,,NEU,not ironic
1440,,,NEU,not ironic
1441,,,NEU,not ironic
1442,,,NEU,not ironic
1443,,,NEU,not ironic
1444,,,NEU,not ironic
1445,,,NEU,not ironic
1446,,,NEU,not ironic
1447,,,NEU,not ironic
1448,,,NEU,not ironic
1449,,,NEU,not ironic
1450,,,NEU,not ironic
1451,,,NEU,not ironic
1452,,,NEU,not ironic
1453,,,NEU,not ironic
1454,,,NEU,not ironic
1455,,,NEU,not ironic
1456,,,NEU,not ironic
1457,,,NEU,not ironic
1458,,,NEU,not ironic
1459,,,NEU,not ironic
1460,,,NEU,not ironic
1461,,,NEU,not ironic
1462,,,NEU,not ironic
1463,,,NEU,not ironic
1464,,,NEU,not ironic
1465,,,NEU,not ironic
1466,,,NEU,not ironic
1467,,,NEU,not ironic
1468,,,NEU,not ironic
1469,,,NEU,not ironic
1470,,,NEU,not ironic
1471,,,NEU,not ironic
1472,,,NEU,not ironic
1473,,,NEU,not ironic
1474,,,NEU,not ironic
1475,,,NEU,not ironic
1476,,,NEU,not ironic
1477,,,NEU,not ironic
1478,,,NEU,not ironic
1479,,,NEU,not ironic
1480,,,NEU,not ironic
1481,,,NEU,not ironic
1482,,,NEU,not ironic
1483,,,NEU,not ironic
1484,,,NEU,not ironic
1485,,,NEU,not ironic
1486,,,NEU,not ironic
1487,,,NEU,not ironic
1488,,,NEU,not ironic
1489,,,NEU,not ironic
1490,,,NEU,not ironic
1491,,,NEU,not ironic
1492,,,NEU,not ironic
1493,,,NEU,not ironic
1494,,,NEU,not ironic
1495,,,NEU,not ironic
1496,,,NEU,not ironic
1497,,,NEU,not ironic
1498,,,NEU,not ironic
1499,,,NEU,not ironic
1500,,,NEU,not ironic
1501,,,NEU,not ironic
1502,,,NEU,not ironic
1503,,,NEU,not ironic
1504,,,NEU,not ironic
1505,,,NEU,not ironic
1506,,,NEU,not ironic
1507,,,NEU,not ironic
1508,,,NEU,not ironic
1509,,,NEU,not ironic
1510,,,NEU,not ironic
1511,,,NEU,not ironic
1512,,,NEU,not ironic
1513,,,NEU,not ironic
1514,,,NEU,not ironic
1515,,,NEU,not ironic
1516,,,NEU,not ironic
1517,,,NEU,not ironic
1518,,,NEU,not ironic
1519,,,NEU,not ironic
1520,,,NEU,not ironic
1521,,,NEU,not ironic
1522,,,NEU,not ironic
1523,,,NEU,not ironic
1524,,,NEU,not ironic
1525,,,NEU,not ironic
1526,,,NEU,not ironic
1527,,,NEU,not ironic
1528,,,NEU,not ironic
1529,,,NEU,not ironic
1530,,,NEU,not ironic
1531,,,NEU,not ironic
1532,,,NEU,not ironic
1533,,,NEU,not ironic
1534,,,NEU,not ironic
1535,,,NEU,not ironic
1536,,,NEU,not ironic
1537,,,NEU,not ironic
1538,,,NEU,not ironic
1539,,,NEU,not ironic
1540,,,NEU,not ironic
1541,,,NEU,not ironic
1542,,,NEU,not ironic
1543,,,NEU,not ironic
1544,,,NEU,not ironic
1545,,,NEU,not ironic
1546,,,NEU,not ironic
1547,,,NEU,not ironic
1548,,,NEU,not ironic
1549,,,NEU,not ironic
1550,,,NEU,not ironic
1551,,,NEU,not ironic
1552,,,NEU,not ironic
1553,,,NEU,not ironic
1554,,,NEU,not ironic
1555,,,NEU,not ironic
1556,,,NEU,not ironic
1557,,,NEU,not ironic
1558,,,NEU,not ironic
1559,,,NEU,not ironic
1560,,,NEU,not ironic
1561,,,NEU,not ironic
1562,,,NEU,not ironic
1563,,,NEU,not ironic
1564,,,NEU,not ironic
1565,,,NEU,not ironic
1566,,,NEU,not ironic
1567,,,NEU,not ironic
1568,,,NEU,not ironic
1569,,,NEU,not ironic
1570,,,NEU,not ironic
1571,,,NEU,not ironic
1572,,,NEU,not ironic
1573,,,NEU,not ironic
1574,,,NEU,not ironic
1575,,,NEU,not ironic
1576,,,NEU,not ironic
1577,,,NEU,not ironic
1578,,,NEU,not ironic
1579,,,NEU,not ironic
1580,,,NEU,not ironic
1581,,,NEU,not ironic
1582,,,NEU,not ironic
1583,,,NEU,not ironic
1584,,,NEU,not ironic
1585,,,NEU,not ironic
1586,,,NEU,not ironic
1587,,,NEU,not ironic
1588,,,NEU,not ironic
1589,,,NEU,not ironic
1590,,,NEU,not ironic
1591,,,NEU,not ironic
1592,,,NEU,not ironic
1593,,,NEU,not ironic
1594,,,NEU,not ironic
1595,,,NEU,not ironic
1596,,,NEU,not ironic
1597,,,NEU,not ironic
1598,,,NEU,not ironic
1599,,,NEU,not ironic
1600,,,NEU,not ironic
1601,,,NEU,not ironic
1602,,,NEU,not ironic
1603,,,NEU,not ironic
1604,,,NEU,not ironic
1605,,,NEU,not ironic
1606,,,NEU,not ironic
1607,,,NEU,not ironic
1608,,,NEU,not ironic
1609,,,NEU,not ironic
1610,,,NEU,not ironic
1611,,,NEU,not ironic
1612,,,NEU,not ironic
1613,,,NEU,not ironic
1614,,,NEU,not ironic
1615,,,NEU,not ironic
1616,,,NEU,not ironic
1617,,,NEU,not ironic
1618,,,NEU,not ironic
1619,,,NEU,not ironic
1620,,,NEU,not ironic
1621,,,NEU,not ironic
1622,,,NEU,not ironic
1623,,,NEU,not ironic
1624,,,NEU,not ironic
1625,,,NEU,not ironic
1626,,,NEU,not ironic
1627,,,NEU,not ironic
1628,,,NEU,not ironic
1629,,,NEU,not ironic
1630,,,NEU,not ironic
1631,,,NEU,not ironic
1632,,,NEU,not ironic
1633,,,NEU,not ironic
1634,,,NEU,not ironic
1635,,,NEU,not ironic
1636,,,NEU,not ironic
1637,,,NEU,not ironic
1638,,,NEU,not ironic
1639,,,NEU,not ironic
1640,,,NEU,not ironic
1641,,,NEU,not ironic
1642,,,NEU,not ironic
1643,,,NEU,not ironic
1644,,,NEU,not ironic
1645,,,NEU,not ironic
1646,,,NEU,not ironic
1647,,,NEU,not ironic
1648,,,NEU,not ironic
1649,,,NEU,not ironic
1650,,,NEU,not ironic
1651,,,NEU,not ironic
1652,,,NEU,not ironic
1653,,,NEU,not ironic
1654,,,NEU,not ironic
1655,,,NEU,not ironic
1656,,,NEU,not ironic
1657,,,NEU,not ironic
1658,,,NEU,not ironic
1659,,,NEU,not ironic
1660,,,NEU,not ironic
1661,,,NEU,not ironic
1662,,,NEU,not ironic
1663,,,NEU,not ironic
1664,,,NEU,not ironic
1665,,,NEU,not ironic
1666,,,NEU,not ironic
1667,,,NEU,not ironic
1668,,,NEU,not ironic
1669,,,NEU,not ironic
1670,,,NEU,not ironic
1671,,,NEU,not ironic
1672,,,NEU,not ironic
1673,,,NEU,not ironic
1674,,,NEU,not ironic
1675,,,NEU,not ironic
1676,,,NEU,not ironic
1677,,,NEU,not ironic
1678,,,NEU,not ironic
1679,,,NEU,not ironic
1680,,,NEU,not ironic
1681,,,NEU,not ironic
1682,,,NEU,not ironic
1683,,,NEU,not ironic
1684,,,NEU,not ironic
1685,,,NEU,not ironic
1686,,,NEU,not ironic
1687,,,NEU,not ironic
1688,,,NEU,not ironic
1689,,,NEU,not ironic
1690,,,NEU,not ironic
1691,,,NEU,not ironic
1692,,,NEU,not ironic
1693,,,NEU,not ironic
1694,,,NEU,not ironic
1695,,,NEU,not ironic
1696,,,NEU,not ironic
1697,,,NEU,not ironic
1698,,,NEU,not ironic
1699,,,NEU,not ironic
1700,,,NEU,not ironic
1701,,,NEU,not ironic
1702,,,NEU,not ironic
1703,,,NEU,not ironic
1704,,,NEU,not ironic
1705,,,NEU,not ironic
1706,,,NEU,not ironic
1707,,,NEU,not ironic
1708,,,NEU,not ironic
1709,,,NEU,not ironic
1710,,,NEU,not ironic
1711,,,NEU,not ironic
1712,,,NEU,not ironic
1713,,,NEU,not ironic
1714,,,NEU,not ironic
1715,,,NEU,not ironic
1716,,,NEU,not ironic
1717,,,NEU,not ironic
1718,,,NEU,not ironic
1719,,,NEU,not ironic
1720,,,NEU,not ironic
1721,,,NEU,not ironic
1722,,,NEU,not ironic
1723,,,NEU,not ironic
1724,,,NEU,not ironic
1725,,,NEU,not ironic
1726,,,NEU,not ironic
1727,,,NEU,not ironic
1728,,,NEU,not ironic
1729,,,NEU,not ironic
1730,,,NEU,not ironic
1731,,,NEU,not ironic
1732,,,NEU,not ironic
1733,,,NEU,not ironic
1734,,,NEU,not ironic
1735,,,NEU,not ironic
1736,,,NEU,not ironic
1737,,,NEU,not ironic
1738,,,NEU,not ironic
1739,,,NEU,not ironic
1740,,,NEU,not ironic
1741,,,NEU,not ironic
1742,,,NEU,not ironic
1743,,,NEU,not ironic
1744,,,NEU,not ironic
1745,,,NEU,not ironic
1746,,,NEU,not ironic
1747,,,NEU,not ironic
1748,,,NEU,not ironic
1749,,,NEU,not ironic
1750,,,NEU,not ironic
1751,,,NEU,not ironic
1752,,,NEU,not ironic
1753,,,NEU,not ironic
1754,,,NEU,not ironic
1755,,,NEU,not ironic
1756,,,NEU,not ironic
1757,,,NEU,not ironic
1758,,,NEU,not ironic
1759,,,NEU,not ironic
1760,,,NEU,not ironic
1761,,,NEU,not ironic
1762,,,NEU,not ironic
1763,,,NEU,not ironic
1764,,,NEU,not ironic
1765,,,NEU,not ironic
1766,,,NEU,not ironic
1767,,,NEU,not ironic
1768,,,NEU,not ironic
1769,,,NEU,not ironic
1770,,,NEU,not ironic
1771,,,NEU,not ironic
1772,,,NEU,not ironic
1773,,,NEU,not ironic
1774,,,NEU,not ironic
1775,,,NEU,not ironic
1776,,,NEU,not ironic
1777,,,NEU,not ironic
1778,,,NEU,not ironic
1779,,,NEU,not ironic
1780,,,NEU,not ironic
1781,,,NEU,not ironic
1782,,,NEU,not ironic
1783,,,NEU,not ironic
1784,,,NEU,not ironic
1785,,,NEU,not ironic
1786,,,NEU,not ironic
1787,,,NEU,not ironic
1788,,,NEU,not ironic
1789,,,NEU,not ironic
1790,,,NEU,not ironic
1791,,,NEU,not ironic
1792,,,NEU,not ironic
1793,,,NEU,not ironic
1794,,,NEU,not ironic
1795,,,NEU,not ironic
1796,,,NEU,not ironic
1797,,,NEU,not ironic
1798,,,NEU,not ironic
1799,,,NEU,not ironic
1800,,,NEU,not ironic
1801,,,NEU,not ironic
1802,,,NEU,not ironic
1803,,,NEU,not ironic
1804,,,NEU,not ironic
1805,,,NEU,not ironic
1806,,,NEU,not ironic
1807,,,NEU,not ironic
1808,,,NEU,not ironic
1809,,,NEU,not ironic
1810,,,NEU,not ironic
1811,,,NEU,not ironic
1812,,,NEU,not ironic
1813,,,NEU,not ironic
1814,,,NEU,not ironic
1815,,,NEU,not ironic
1816,,,NEU,not ironic
1817,,,NEU,not ironic
1818,,,NEU,not ironic
1819,,,NEU,not ironic
1820,,,NEU,not ironic
1821,,,NEU,not ironic
1822,,,NEU,not ironic
1823,,,NEU,not ironic
1824,,,NEU,not ironic
1825,,,NEU,not ironic
1826,,,NEU,not ironic
1827,,,NEU,not ironic
1828,,,NEU,not ironic
1829,,,NEU,not ironic
1830,,,NEU,not ironic
1831,,,NEU,not ironic
1832,,,NEU,not ironic
1833,,,NEU,not ironic
1834,,,NEU,not ironic
1835,,,NEU,not ironic
1836,,,NEU,not ironic
1837,,,NEU,not ironic
1838,,,NEU,not ironic
1839,,,NEU,not ironic
1840,,,NEU,not ironic
1841,,,NEU,not ironic
1842,,,NEU,not ironic
1843,,,NEU,not ironic
1844,,,NEU,not ironic
1845,,,NEU,not ironic
1846,,,NEU,not ironic
1847,,,NEU,not ironic
1848,,,NEU,not ironic
1849,,,NEU,not ironic
1850,,,NEU,not ironic
1851,,,NEU,not ironic
1852,,,NEU,not ironic
1853,,,NEU,not ironic
1854,,,NEU,not ironic
1855,,,NEU,not ironic
1856,,,NEU,not ironic
1857,,,NEU,not ironic
1858,,,NEU,not ironic
1859,,,NEU,not ironic
1860,,,NEU,not ironic
1861,,,NEU,not ironic
1862,,,NEU,not ironic
1863,,,NEU,not ironic
1864,,,NEU,not ironic
1865,,,NEU,not ironic
1866,,,NEU,not ironic
1867,,,NEU,not ironic
1868,,,NEU,not ironic
1869,,,NEU,not ironic
1870,,,NEU,not ironic
1871,,,NEU,not ironic
1872,,,NEU,not ironic
1873,,,NEU,not ironic
1874,,,NEU,not ironic
1875,,,NEU,not ironic
1876,,,NEU,not ironic
1877,,,NEU,not ironic
1878,,,NEU,not ironic
1879,,,NEU,not ironic
1880,,,NEU,not ironic
1881,,,NEU,not ironic
1882,,,NEU,not ironic
1883,,,NEU,not ironic
1884,,,NEU,not ironic
1885,,,NEU,not ironic
1886,,,NEU,not ironic
1887,,,NEU,not ironic
1888,,,NEU,not ironic
1889,,,NEU,not ironic
1890,,,NEU,not ironic
1891,,,NEU,not ironic
1892,,,NEU,not ironic
1893,,,NEU,not ironic
1894,,,NEU,not ironic
1895,,,NEU,not ironic
1896,,,NEU,not ironic
1897,,,NEU,not ironic
1898,,,NEU,not ironic
1899,,,NEU,not ironic
1900,,,NEU,not ironic
1901,,,NEU,not ironic
1902,,,NEU,not ironic
1903,,,NEU,not ironic
1904,,,NEU,not ironic
1905,,,NEU,not ironic
1906,,,NEU,not ironic
1907,,,NEU,not ironic
1908,,,NEU,not ironic
1909,,,NEU,not ironic
1910,,,NEU,not ironic
1911,,,NEU,not ironic
1912,,,NEU,not ironic
1913,,,NEU,not ironic
1914,,,NEU,not ironic
1915,,,NEU,not ironic
1916,,,NEU,not ironic
1917,,,NEU,not ironic
1918,,,NEU,not ironic
1919,,,NEU,not ironic
1920,,,NEU,not ironic
1921,,,NEU,not ironic
1922,,,NEU,not ironic
1923,,,NEU,not ironic
1924,,,NEU,not ironic
1925,,,NEU,not ironic
1926,,,NEU,not ironic
1927,,,NEU,not ironic
1928,,,NEU,not ironic
1929,,,NEU,not ironic
1930,,,NEU,not ironic
1931,,,NEU,not ironic
1932,,,NEU,not ironic
1933,,,NEU,not ironic
1934,,,NEU,not ironic
1935,,,NEU,not ironic
1936,,,NEU,not ironic
1937,,,NEU,not ironic
1938,,,NEU,not ironic
1939,,,NEU,not ironic
1940,,,NEU,not ironic
1941,,,NEU,not ironic
1942,,,NEU,not ironic
1943,,,NEU,not ironic
1944,,,NEU,not ironic
1945,,,NEU,not ironic
1946,,,NEU,not ironic
1947,,,NEU,not ironic
1948,,,NEU,not ironic
1949,,,NEU,not ironic
1950,,,NEU,not ironic
1951,,,NEU,not ironic
1952,,,NEU,not ironic
1953,,,NEU,not ironic
1954,,,NEU,not ironic
1955,,,NEU,not ironic
1956,,,NEU,not ironic
1957,,,NEU,not ironic
1958,,,NEU,not ironic
1959,,,NEU,not ironic
1960,,,NEU,not ironic
1961,,,NEU,not ironic
1962,,,NEU,not ironic
1963,,,NEU,not ironic
1964,,,NEU,not ironic
1965,,,NEU,not ironic
1966,,,NEU,not ironic
1967,,,NEU,not ironic
1968,,,NEU,not ironic
1969,,,NEU,not ironic
1970,,,NEU,not ironic
1971,,,NEU,not ironic
1972,,,NEU,not ironic
1973,,,NEU,not ironic
1974,,,NEU,not ironic
1975,,,NEU,not ironic
1976,,,NEU,not ironic
1977,,,NEU,not ironic
1978,,,NEU,not ironic
1979,,,NEU,not ironic
1980,,,NEU,not ironic
1981,,,NEU,not ironic
1982,,,NEU,not ironic
1983,,,NEU,not ironic
1984,,,NEU,not ironic
1985,,,NEU,not ironic
1986,,,NEU,not ironic
1987,,,NEU,not ironic
1988,,,NEU,not ironic
1989,,,NEU,not ironic
1990,,,NEU,not ironic
1991,,,NEU,not ironic
1992,,,NEU,not ironic
1993,,,NEU,not ironic
1994,,,NEU,not ironic
1995,,,NEU,not ironic
1996,,,NEU,not ironic
1997,,,NEU,not ironic
1998,,,NEU,not ironic
1999,,,NEU,not ironic
2000,,,NEU,not ironic
2001,,,NEU,not ironic
2002,,,NEU,not ironic
2003,,,NEU,not ironic
2004,,,NEU,not ironic
2005,,,NEU,not ironic
2006,,,NEU,not ironic
2007,,,NEU,not ironic
2008,,,NEU,not ironic
2009,,,NEU,not ironic
2010,,,NEU,not ironic
2011,,,NEU,not ironic
2012,,,NEU,not ironic
2013,,,NEU,not ironic
2014,,,NEU,not ironic
2015,,,NEU,not ironic
2016,,,NEU,not ironic
2017,,,NEU,not ironic
2018,,,NEU,not ironic
2019,,,NEU,not ironic
2020,,,NEU,not ironic
2021,,,NEU,not ironic
2022,,,NEU,not ironic
2023,,,NEU,not ironic
2024,,,NEU,not ironic
2025,,,NEU,not ironic
2026,,,NEU,not ironic
2027,,,NEU,not ironic
2028,,,NEU,not ironic
2029,,,NEU,not ironic
2030,,,NEU,not ironic
2031,,,NEU,not ironic
2032,,,NEU,not ironic
2033,,,NEU,not ironic
2034,,,NEU,not ironic
2035,,,NEU,not ironic
2036,,,NEU,not ironic
2037,,,NEU,not ironic
2038,,,NEU,not ironic
2039,,,NEU,not ironic
2040,,,NEU,not ironic
2041,,,NEU,not ironic
2042,,,NEU,not ironic
2043,,,NEU,not ironic
2044,,,NEU,not ironic
2045,,,NEU,not ironic
2046,,,NEU,not ironic
2047,,,NEU,not ironic
2048,,,NEU,not ironic
2049,,,NEU,not ironic
2050,,,NEU,not ironic
2051,,,NEU,not ironic
2052,,,NEU,not ironic
2053,,,NEU,not ironic
2054,,,NEU,not ironic
2055,,,NEU,not ironic
2056,,,NEU,not ironic
2057,,,NEU,not ironic
2058,,,NEU,not ironic
2059,,,NEU,not ironic
2060,,,NEU,not ironic
2061,,,NEU,not ironic
2062,,,NEU,not ironic
2063,,,NEU,not ironic
2064,,,NEU,not ironic
2065,,,NEU,not ironic
2066,,,NEU,not ironic
2067,,,NEU,not ironic
2068,,,NEU,not ironic
2069,,,NEU,not ironic
2070,,,NEU,not ironic
2071,,,NEU,not ironic
2072,,,NEU,not ironic
2073,,,NEU,not ironic
2074,,,NEU,not ironic
2075,,,NEU,not ironic
2076,,,NEU,not ironic
2077,,,NEU,not ironic
2078,,,NEU,not ironic
2079,,,NEU,not ironic
2080,,,NEU,not ironic
2081,,,NEU,not ironic
2082,,,NEU,not ironic
2083,,,NEU,not ironic
2084,,,NEU,not ironic
2085,,,NEU,not ironic
2086,,,NEU,not ironic
2087,,,NEU,not ironic
2088,,,NEU,not ironic
2089,,,NEU,not ironic
2090,,,NEU,not ironic
2091,,,NEU,not ironic
2092,,,NEU,not ironic
2093,,,NEU,not ironic
2094,,,NEU,not ironic
2095,,,NEU,not ironic
2096,,,NEU,not ironic
2097,,,NEU,not ironic
2098,,,NEU,not ironic
2099,,,NEU,not ironic
2100,,,NEU,not ironic
2101,,,NEU,not ironic
2102,,,NEU,not ironic
2103,,,NEU,not ironic
2104,,,NEU,not ironic
2105,,,NEU,not ironic
2106,,,NEU,not ironic
2107,,,NEU,not ironic
2108,,,NEU,not ironic
2109,,,NEU,not ironic
2110,,,NEU,not ironic
2111,,,NEU,not ironic
2112,,,NEU,not ironic
2113,,,NEU,not ironic
2114,,,NEU,not ironic
2115,,,NEU,not ironic
2116,,,NEU,not ironic
2117,,,NEU,not ironic
2118,,,NEU,not ironic
2119,,,NEU,not ironic
2120,,,NEU,not ironic
2121,,,NEU,not ironic
2122,,,NEU,not ironic
2123,,,NEU,not ironic
2124,,,NEU,not ironic
2125,,,NEU,not ironic
2126,,,NEU,not ironic
2127,,,NEU,not ironic
2128,,,NEU,not ironic
2129,,,NEU,not ironic
2130,,,NEU,not ironic
2131,,,NEU,not ironic
2132,,,NEU,not ironic
2133,,,NEU,not ironic
2134,,,NEU,not ironic
2135,,,NEU,not ironic
2136,,,NEU,not ironic
2137,,,NEU,not ironic
2138,,,NEU,not ironic
2139,,,NEU,not ironic
2140,,,NEU,not ironic
2141,,,NEU,not ironic
2142,,,NEU,not ironic
2143,,,NEU,not ironic
2144,,,NEU,not ironic
2145,,,NEU,not ironic
2146,,,NEU,not ironic
2147,,,NEU,not ironic
2148,,,NEU,not ironic
2149,,,NEU,not ironic
2150,,,NEU,not ironic
2151,,,NEU,not ironic
2152,,,NEU,not ironic
2153,,,NEU,not ironic
2154,,,NEU,not ironic
2155,,,NEU,not ironic
2156,,,NEU,not ironic
2157,,,NEU,not ironic
2158,,,NEU,not ironic
2159,,,NEU,not ironic
2160,,,NEU,not ironic
2161,,,NEU,not ironic
2162,,,NEU,not ironic
2163,,,NEU,not ironic
2164,,,NEU,not ironic
2165,,,NEU,not ironic
2166,,,NEU,not ironic
2167,,,NEU,not ironic
2168,,,NEU,not ironic
2169,,,NEU,not ironic
2170,,,NEU,not ironic
2171,,,NEU,not ironic
2172,,,NEU,not ironic
2173,,,NEU,not ironic
2174,,,NEU,not ironic
2175,,,NEU,not ironic
2176,,,NEU,not ironic
2177,,,NEU,not ironic
2178,,,NEU,not ironic
2179,,,NEU,not ironic
2180,,,NEU,not ironic
2181,,,NEU,not ironic
2182,,,NEU,not ironic
2183,,,NEU,not ironic
2184,,,NEU,not ironic
2185,,,NEU,not ironic
2186,,,NEU,not ironic
2187,,,NEU,not ironic
2188,,,NEU,not ironic
2189,,,NEU,not ironic
2190,,,NEU,not ironic
2191,,,NEU,not ironic
2192,,,NEU,not ironic
2193,,,NEU,not ironic
2194,,,NEU,not ironic
2195,,,NEU,not ironic
2196,,,NEU,not ironic
2197,,,NEU,not ironic
2198,,,NEU,not ironic
2199,,,NEU,not ironic
2200,,,NEU,not ironic
2201,,,NEU,not ironic
2202,,,NEU,not ironic
2203,,,NEU,not ironic
2204,,,NEU,not ironic
2205,,,NEU,not ironic
2206,,,NEU,not ironic
2207,,,NEU,not ironic
2208,,,NEU,not ironic
2209,,,NEU,not ironic
2210,,,NEU,not ironic
2211,,,NEU,not ironic
2212,,,NEU,not ironic
2213,,,NEU,not ironic
2214,,,NEU,not ironic
2215,,,NEU,not ironic
2216,,,NEU,not ironic
2217,,,NEU,not ironic
2218,,,NEU,not ironic
2219,,,NEU,not ironic
2220,,,NEU,not ironic
2221,,,NEU,not ironic
2222,,,NEU,not ironic
2223,,,NEU,not ironic
2224,,,NEU,not ironic
2225,,,NEU,not ironic
2226,,,NEU,not ironic
2227,,,NEU,not ironic
2228,,,NEU,not ironic
2229,,,NEU,not ironic
2230,,,NEU,not ironic
2231,,,NEU,not ironic
2232,,,NEU,not ironic
2233,,,NEU,not ironic
2234,,,NEU,not ironic
2235,,,NEU,not ironic
2236,,,NEU,not ironic
2237,,,NEU,not ironic
2238,,,NEU,not ironic
2239,,,NEU,not ironic
2240,,,NEU,not ironic
2241,,,NEU,not ironic
2242,,,NEU,not ironic
2243,,,NEU,not ironic
2244,,,NEU,not ironic
2245,,,NEU,not ironic
2246,,,NEU,not ironic
2247,,,NEU,not ironic
2248,,,NEU,not ironic
2249,,,NEU,not ironic
2250,,,NEU,not ironic
2251,,,NEU,not ironic
2252,,,NEU,not ironic
2253,,,NEU,not ironic
2254,,,NEU,not ironic
2255,,,NEU,not ironic
2256,,,NEU,not ironic
2257,,,NEU,not ironic
2258,,,NEU,not ironic
2259,,,NEU,not ironic
2260,,,NEU,not ironic
2261,,,NEU,not ironic
2262,,,NEU,not ironic
2263,,,NEU,not ironic
2264,,,NEU,not ironic
2265,,,NEU,not ironic
2266,,,NEU,not ironic
2267,,,NEU,not ironic
2268,,,NEU,not ironic
2269,,,NEU,not ironic
2270,,,NEU,not ironic
2271,,,NEU,not ironic
2272,,,NEU,not ironic
2273,,,NEU,not ironic
2274,,,NEU,not ironic
2275,,,NEU,not ironic
2276,,,NEU,not ironic
2277,,,NEU,not ironic
2278,,,NEU,not ironic
2279,,,NEU,not ironic
2280,,,NEU,not ironic
2281,,,NEU,not ironic
2282,,,NEU,not ironic
2283,,,NEU,not ironic
2284,,,NEU,not ironic
2285,,,NEU,not ironic
2286,,,NEU,not ironic
2287,,,NEU,not ironic
2288,,,NEU,not ironic
2289,,,NEU,not ironic
2290,,,NEU,not ironic
2291,,,NEU,not ironic
2292,,,NEU,not ironic
2293,,,NEU,not ironic
2294,,,NEU,not ironic
2295,,,NEU,not ironic
2296,,,NEU,not ironic
2297,,,NEU,not ironic
2298,,,NEU,not ironic
2299,,,NEU,not ironic
2300,,,NEU,not ironic
2301,,,NEU,not ironic
2302,,,NEU,not ironic
2303,,,NEU,not ironic
2304,,,NEU,not ironic
2305,,,NEU,not ironic
2306,,,NEU,not ironic
2307,,,NEU,not ironic
2308,,,NEU,not ironic
2309,,,NEU,not ironic
2310,,,NEU,not ironic
2311,,,NEU,not ironic
2312,,,NEU,not ironic
2313,,,NEU,not ironic
2314,,,NEU,not ironic
2315,,,NEU,not ironic
2316,,,NEU,not ironic
2317,,,NEU,not ironic
2318,,,NEU,not ironic
2319,,,NEU,not ironic
2320,,,NEU,not ironic
2321,,,NEU,not ironic
2322,,,NEU,not ironic
2323,,,NEU,not ironic
2324,,,NEU,not ironic
2325,,,NEU,not ironic
2326,,,NEU,not ironic
2327,,,NEU,not ironic
2328,,,NEU,not ironic
2329,,,NEU,not ironic
2330,,,NEU,not ironic
2331,,,NEU,not ironic
2332,,,NEU,not ironic
2333,,,NEU,not ironic
2334,,,NEU,not ironic
2335,,,NEU,not ironic
2336,,,NEU,not ironic
2337,,,NEU,not ironic
2338,,,NEU,not ironic
2339,,,NEU,not ironic
2340,,,NEU,not ironic
2341,,,NEU,not ironic
2342,,,NEU,not ironic
2343,,,NEU,not ironic
2344,,,NEU,not ironic
2345,,,NEU,not ironic
2346,,,NEU,not ironic
2347,,,NEU,not ironic
2348,,,NEU,not ironic
2349,,,NEU,not ironic
2350,,,NEU,not ironic
2351,,,NEU,not ironic
2352,,,NEU,not ironic
2353,,,NEU,not ironic
2354,,,NEU,not ironic
2355,,,NEU,not ironic
2356,,,NEU,not ironic
2357,,,NEU,not ironic
2358,,,NEU,not ironic
2359,,,NEU,not ironic
2360,,,NEU,not ironic
2361,,,NEU,not ironic
2362,,,NEU,not ironic
2363,,,NEU,not ironic
2364,,,NEU,not ironic
2365,,,NEU,not ironic
2366,,,NEU,not ironic
2367,,,NEU,not ironic
2368,,,NEU,not ironic
2369,,,NEU,not ironic
2370,,,NEU,not ironic
2371,,,NEU,not ironic
2372,,,NEU,not ironic
2373,,,NEU,not ironic
2374,,,NEU,not ironic
2375,,,NEU,not ironic
2376,,,NEU,not ironic
2377,,,NEU,not ironic
2378,,,NEU,not ironic
2379,,,NEU,not ironic
2380,,,NEU,not ironic
2381,,,NEU,not ironic
2382,,,NEU,not ironic
2383,,,NEU,not ironic
2384,,,NEU,not ironic
2385,,,NEU,not ironic
2386,,,NEU,not ironic
2387,,,NEU,not ironic
2388,,,NEU,not ironic
2389,,,NEU,not ironic
2390,,,NEU,not ironic
2391,,,NEU,not ironic
2392,,,NEU,not ironic
2393,,,NEU,not ironic
2394,,,NEU,not ironic
2395,,,NEU,not ironic
2396,,,NEU,not ironic
2397,,,NEU,not ironic
2398,,,NEU,not ironic
2399,,,NEU,not ironic
2400,,,NEU,not ironic
2401,,,NEU,not ironic
2402,,,NEU,not ironic
2403,,,NEU,not ironic
2404,,,NEU,not ironic
2405,,,NEU,not ironic
2406,,,NEU,not ironic
2407,,,NEU,not ironic
2408,,,NEU,not ironic
2409,,,NEU,not ironic
2410,,,NEU,not ironic
2411,,,NEU,not ironic
2412,,,NEU,not ironic
2413,,,NEU,not ironic
2414,,,NEU,not ironic
2415,,,NEU,not ironic
2416,,,NEU,not ironic
2417,,,NEU,not ironic
2418,,,NEU,not ironic
2419,,,NEU,not ironic
2420,,,NEU,not ironic
2421,,,NEU,not ironic
2422,,,NEU,not ironic
2423,,,NEU,not ironic
2424,,,NEU,not ironic
2425,,,NEU,not ironic
2426,,,NEU,not ironic
2427,,,NEU,not ironic
2428,,,NEU,not ironic
2429,,,NEU,not ironic
2430,,,NEU,not ironic
2431,,,NEU,not ironic
2432,,,NEU,not ironic
2433,,,NEU,not ironic
2434,,,NEU,not ironic
2435,,,NEU,not ironic
2436,,,NEU,not ironic
2437,,,NEU,not ironic
2438,,,NEU,not ironic
2439,,,NEU,not ironic
2440,,,NEU,not ironic
2441,,,NEU,not ironic
2442,,,NEU,not ironic
2443,,,NEU,not ironic
2444,,,NEU,not ironic
2445,,,NEU,not ironic
2446,,,NEU,not ironic
2447,,,NEU,not ironic
2448,,,NEU,not ironic
2449,,,NEU,not ironic
2450,,,NEU,not ironic
2451,,,NEU,not ironic
2452,,,NEU,not ironic
2453,,,NEU,not ironic
2454,,,NEU,not ironic
2455,,,NEU,not ironic
2456,,,NEU,not ironic
2457,,,NEU,not ironic
2458,,,NEU,not ironic
2459,,,NEU,not ironic
2460,,,NEU,not ironic
2461,,,NEU,not ironic
2462,,,NEU,not ironic
2463,,,NEU,not ironic
2464,,,NEU,not ironic
2465,,,NEU,not ironic
2466,,,NEU,not ironic
2467,,,NEU,not ironic
2468,,,NEU,not ironic
2469,,,NEU,not ironic
2470,,,NEU,not ironic
2471,,,NEU,not ironic
2472,,,NEU,not ironic
2473,,,NEU,not ironic
2474,,,NEU,not ironic
2475,,,NEU,not ironic
2476,,,NEU,not ironic
2477,,,NEU,not ironic
2478,,,NEU,not ironic
2479,,,NEU,not ironic
2480,,,NEU,not ironic
2481,,,NEU,not ironic
2482,,,NEU,not ironic
2483,,,NEU,not ironic
2484,,,NEU,not ironic
2485,,,NEU,not ironic
2486,,,NEU,not ironic
2487,,,NEU,not ironic
2488,,,NEU,not ironic
2489,,,NEU,not ironic
2490,,,NEU,not ironic
2491,,,NEU,not ironic
2492,,,NEU,not ironic
2493,,,NEU,not ironic
2494,,,NEU,not ironic
2495,,,NEU,not ironic
2496,,,NEU,not ironic
2497,,,NEU,not ironic
2498,,,NEU,not ironic
2499,,,NEU,not ironic
2500,,,NEU,not ironic
2501,,,NEU,not ironic
2502,,,NEU,not ironic
2503,,,NEU,not ironic
2504,,,NEU,not ironic
2505,,,NEU,not ironic
2506,,,NEU,not ironic
2507,,,NEU,not ironic
2508,,,NEU,not ironic
2509,,,NEU,not ironic
2510,,,NEU,not ironic
2511,,,NEU,not ironic
2512,,,NEU,not ironic
2513,,,NEU,not ironic
2514,,,NEU,not ironic
2515,,,NEU,not ironic
2516,,,NEU,not ironic
2517,,,NEU,not ironic
2518,,,NEU,not ironic
2519,,,NEU,not ironic
2520,,,NEU,not ironic
2521,,,NEU,not ironic
2522,,,NEU,not ironic
2523,,,NEU,not ironic
2524,,,NEU,not ironic
2525,,,NEU,not ironic
2526,,,NEU,not ironic
2527,,,NEU,not ironic
2528,,,NEU,not ironic
2529,,,NEU,not ironic
2530,,,NEU,not ironic
2531,,,NEU,not ironic
2532,,,NEU,not ironic
2533,,,NEU,not ironic
2534,,,NEU,not ironic
2535,,,NEU,not ironic
2536,,,NEU,not ironic
2537,,,NEU,not ironic
2538,,,NEU,not ironic
2539,,,NEU,not ironic
2540,,,NEU,not ironic
2541,,,NEU,not ironic
2542,,,NEU,not ironic
2543,,,NEU,not ironic
2544,,,NEU,not ironic
2545,,,NEU,not ironic
2546,,,NEU,not ironic
2547,,,NEU,not ironic
2548,,,NEU,not ironic
2549,,,NEU,not ironic
2550,,,NEU,not ironic
2551,,,NEU,not ironic
2552,,,NEU,not ironic
2553,,,NEU,not ironic
2554,,,NEU,not ironic
2555,,,NEU,not ironic
2556,,,NEU,not ironic
2557,,,NEU,not ironic
2558,,,NEU,not ironic
2559,,,NEU,not ironic
2560,,,NEU,not ironic
2561,,,NEU,not ironic
2562,,,NEU,not ironic
2563,,,NEU,not ironic
2564,,,NEU,not ironic
2565,,,NEU,not ironic
2566,,,NEU,not ironic
2567,,,NEU,not ironic
2568,,,NEU,not ironic
2569,,,NEU,not ironic
2570,,,NEU,not ironic
2571,,,NEU,not ironic
2572,,,NEU,not ironic
2573,,,NEU,not ironic
2574,,,NEU,not ironic
2575,,,NEU,not ironic
2576,,,NEU,not ironic
2577,,,NEU,not ironic
2578,,,NEU,not ironic
2579,,,NEU,not ironic
2580,,,NEU,not ironic
2581,,,NEU,not ironic
2582,,,NEU,not ironic
2583,,,NEU,not ironic
2584,,,NEU,not ironic
2585,,,NEU,not ironic
2586,,,NEU,not ironic
2587,,,NEU,not ironic
2588,,,NEU,not ironic
2589,,,NEU,not ironic
2590,,,NEU,not ironic
2591,,,NEU,not ironic
2592,,,NEU,not ironic
2593,,,NEU,not ironic
2594,,,NEU,not ironic
2595,,,NEU,not ironic
2596,,,NEU,not ironic
2597,,,NEU,not ironic
2598,,,NEU,not ironic
2599,,,NEU,not ironic
2600,,,NEU,not ironic
2601,,,NEU,not ironic
2602,,,NEU,not ironic
2603,,,NEU,not ironic
2604,,,NEU,not ironic
2605,,,NEU,not ironic
2606,,,NEU,not ironic
2607,,,NEU,not ironic
2608,,,NEU,not ironic
2609,,,NEU,not ironic
2610,,,NEU,not ironic
2611,,,NEU,not ironic
2612,,,NEU,not ironic
2613,,,NEU,not ironic
2614,,,NEU,not ironic
2615,,,NEU,not ironic
2616,,,NEU,not ironic
2617,,,NEU,not ironic
2618,,,NEU,not ironic
2619,,,NEU,not ironic
2620,,,NEU,not ironic
2621,,,NEU,not ironic
2622,,,NEU,not ironic
2623,,,NEU,not ironic
2624,,,NEU,not ironic
2625,,,NEU,not ironic
2626,,,NEU,not ironic
2627,,,NEU,not ironic
2628,,,NEU,not ironic
2629,,,NEU,not ironic
2630,,,NEU,not ironic
2631,,,NEU,not ironic
2632,,,NEU,not ironic
2633,,,NEU,not ironic
2634,,,NEU,not ironic
2635,,,NEU,not ironic
2636,,,NEU,not ironic
2637,,,NEU,not ironic
2638,,,NEU,not ironic
2639,,,NEU,not ironic
2640,,,NEU,not ironic
2641,,,NEU,not ironic
2642,,,NEU,not ironic
2643,,,NEU,not ironic
2644,,,NEU,not ironic
2645,,,NEU,not ironic
2646,,,NEU,not ironic
2647,,,NEU,not ironic
2648,,,NEU,not ironic
2649,,,NEU,not ironic
2650,,,NEU,not ironic
2651,,,NEU,not ironic
2652,,,NEU,not ironic
2653,,,NEU,not ironic
2654,,,NEU,not ironic
2655,,,NEU,not ironic
2656,,,NEU,not ironic
2657,,,NEU,not ironic
2658,,,NEU,not ironic
2659,,,NEU,not ironic
2660,,,NEU,not ironic
2661,,,NEU,not ironic
2662,,,NEU,not ironic
2663,,,NEU,not ironic
2664,,,NEU,not ironic
2665,,,NEU,not ironic
2666,,,NEU,not ironic
2667,,,NEU,not ironic
2668,,,NEU,not ironic
2669,,,NEU,not ironic
2670,,,NEU,not ironic
2671,,,NEU,not ironic
2672,,,NEU,not ironic
2673,,,NEU,not ironic
2674,,,NEU,not ironic
2675,,,NEU,not ironic
2676,,,NEU,not ironic
2677,,,NEU,not ironic
2678,,,NEU,not ironic
2679,,,NEU,not ironic
2680,,,NEU,not ironic
2681,,,NEU,not ironic
2682,,,NEU,not ironic
2683,,,NEU,not ironic
2684,,,NEU,not ironic
2685,,,NEU,not ironic
2686,,,NEU,not ironic
2687,,,NEU,not ironic
2688,,,NEU,not ironic
2689,,,NEU,not ironic
2690,,,NEU,not ironic
2691,,,NEU,not ironic
2692,,,NEU,not ironic
2693,,,NEU,not ironic
2694,,,NEU,not ironic
2695,,,NEU,not ironic
2696,,,NEU,not ironic
2697,,,NEU,not ironic
2698,,,NEU,not ironic
2699,,,NEU,not ironic
2700,,,NEU,not ironic
2701,,,NEU,not ironic
2702,,,NEU,not ironic
2703,,,NEU,not ironic
2704,,,NEU,not ironic
2705,,,NEU,not ironic
2706,,,NEU,not ironic
2707,,,NEU,not ironic
2708,,,NEU,not ironic
2709,,,NEU,not ironic
2710,,,NEU,not ironic
2711,,,NEU,not ironic
2712,,,NEU,not ironic
2713,,,NEU,not ironic
2714,,,NEU,not ironic
2715,,,NEU,not ironic
2716,,,NEU,not ironic
2717,,,NEU,not ironic
2718,,,NEU,not ironic
2719,,,NEU,not ironic
2720,,,NEU,not ironic
2721,,,NEU,not ironic
2722,,,NEU,not ironic
2723,,,NEU,not ironic
2724,,,NEU,not ironic
2725,,,NEU,not ironic
2726,,,NEU,not ironic
2727,,,NEU,not ironic
2728,,,NEU,not ironic
2729,,,NEU,not ironic
2730,,,NEU,not ironic
2731,,,NEU,not ironic
2732,,,NEU,not ironic
2733,,,NEU,not ironic
2734,,,NEU,not ironic
2735,,,NEU,not ironic
2736,,,NEU,not ironic
2737,,,NEU,not ironic
2738,,,NEU,not ironic
2739,,,NEU,not ironic
2740,,,NEU,not ironic
2741,,,NEU,not ironic
2742,,,NEU,not ironic
2743,,,NEU,not ironic
2744,,,NEU,not ironic
2745,,,NEU,not ironic
2746,,,NEU,not ironic
2747,,,NEU,not ironic
2748,,,NEU,not ironic
2749,,,NEU,not ironic
2750,,,NEU,not ironic
2751,,,NEU,not ironic
2752,,,NEU,not ironic
2753,,,NEU,not ironic
2754,,,NEU,not ironic
2755,,,NEU,not ironic
2756,,,NEU,not ironic
2757,,,NEU,not ironic
2758,,,NEU,not ironic
2759,,,NEU,not ironic
2760,,,NEU,not ironic
2761,,,NEU,not ironic
2762,,,NEU,not ironic
2763,,,NEU,not ironic
2764,,,NEU,not ironic
2765,,,NEU,not ironic
2766,,,NEU,not ironic
2767,,,NEU,not ironic
2768,,,NEU,not ironic
2769,,,NEU,not ironic
2770,,,NEU,not ironic
2771,,,NEU,not ironic
2772,,,NEU,not ironic
2773,,,NEU,not ironic
2774,,,NEU,not ironic
2775,,,NEU,not ironic
2776,,,NEU,not ironic
2777,,,NEU,not ironic
2778,,,NEU,not ironic
2779,,,NEU,not ironic
2780,,,NEU,not ironic
2781,,,NEU,not ironic
2782,,,NEU,not ironic
2783,,,NEU,not ironic
2784,,,NEU,not ironic
2785,,,NEU,not ironic
2786,,,NEU,not ironic
2787,,,NEU,not ironic
2788,,,NEU,not ironic
2789,,,NEU,not ironic
2790,,,NEU,not ironic
2791,,,NEU,not ironic
2792,,,NEU,not ironic
2793,,,NEU,not ironic
2794,,,NEU,not ironic
2795,,,NEU,not ironic
2796,,,NEU,not ironic
2797,,,NEU,not ironic
2798,,,NEU,not ironic
2799,,,NEU,not ironic
2800,,,NEU,not ironic
2801,,,NEU,not ironic
2802,,,NEU,not ironic
2803,,,NEU,not ironic
2804,,,NEU,not ironic
2805,,,NEU,not ironic
2806,,,NEU,not ironic
2807,,,NEU,not ironic
2808,,,NEU,not ironic
2809,,,NEU,not ironic
2810,,,NEU,not ironic
2811,,,NEU,not ironic
2812,,,NEU,not ironic
2813,,,NEU,not ironic
2814,,,NEU,not ironic
2815,,,NEU,not ironic
2816,,,NEU,not ironic
2817,,,NEU,not ironic
2818,,,NEU,not ironic
2819,,,NEU,not ironic
2820,,,NEU,not ironic
2821,,,NEU,not ironic
2822,,,NEU,not ironic
2823,,,NEU,not ironic
2824,,,NEU,not ironic
2825,,,NEU,not ironic
2826,,,NEU,not ironic
2827,,,NEU,not ironic
2828,,,NEU,not ironic
2829,,,NEU,not ironic
2830,,,NEU,not ironic
2831,,,NEU,not ironic
2832,,,NEU,not ironic
2833,,,NEU,not ironic
2834,,,NEU,not ironic
2835,,,NEU,not ironic
2836,,,NEU,not ironic
2837,,,NEU,not ironic
2838,,,NEU,not ironic
2839,,,NEU,not ironic
2840,,,NEU,not ironic
2841,,,NEU,not ironic
2842,,,NEU,not ironic
2843,,,NEU,not ironic
2844,,,NEU,not ironic
2845,,,NEU,not ironic
2846,,,NEU,not ironic
2847,,,NEU,not ironic
2848,,,NEU,not ironic
2849,,,NEU,not ironic
2850,,,NEU,not ironic
2851,,,NEU,not ironic
2852,,,NEU,not ironic
2853,,,NEU,not ironic
2854,,,NEU,not ironic
2855,,,NEU,not ironic
2856,,,NEU,not ironic
2857,,,NEU,not ironic
2858,,,NEU,not ironic
2859,,,NEU,not ironic
2860,,,NEU,not ironic
2861,,,NEU,not ironic
2862,,,NEU,not ironic
2863,,,NEU,not ironic
2864,,,NEU,not ironic
2865,,,NEU,not ironic
2866,,,NEU,not ironic
2867,,,NEU,not ironic
2868,,,NEU,not ironic
2869,,,NEU,not ironic
2870,,,NEU,not ironic
2871,,,NEU,not ironic
2872,,,NEU,not ironic
2873,,,NEU,not ironic
2874,,,NEU,not ironic
2875,,,NEU,not ironic
2876,,,NEU,not ironic
2877,,,NEU,not ironic
2878,,,NEU,not ironic
2879,,,NEU,not ironic
2880,,,NEU,not ironic
2881,,,NEU,not ironic
2882,,,NEU,not ironic
2883,,,NEU,not ironic
2884,,,NEU,not ironic
2885,,,NEU,not ironic
2886,,,NEU,not ironic
2887,,,NEU,not ironic
2888,,,NEU,not ironic
2889,,,NEU,not ironic
2890,,,NEU,not ironic
2891,,,NEU,not ironic
2892,,,NEU,not ironic
2893,,,NEU,not ironic
2894,,,NEU,not ironic
2895,,,NEU,not ironic
2896,,,NEU,not ironic
2897,,,NEU,not ironic
2898,,,NEU,not ironic
2899,,,NEU,not ironic
2900,,,NEU,not ironic
2901,,,NEU,not ironic
2902,,,NEU,not ironic
2903,,,NEU,not ironic
2904,,,NEU,not ironic
2905,,,NEU,not ironic
2906,,,NEU,not ironic
2907,,,NEU,not ironic
2908,,,NEU,not ironic
2909,,,NEU,not ironic
2910,,,NEU,not ironic
2911,,,NEU,not ironic
2912,,,NEU,not ironic
2913,,,NEU,not ironic
2914,,,NEU,not ironic
2915,,,NEU,not ironic
2916,,,NEU,not ironic
2917,,,NEU,not ironic
2918,,,NEU,not ironic
2919,,,NEU,not ironic
2920,,,NEU,not ironic
2921,,,NEU,not ironic
2922,,,NEU,not ironic
2923,,,NEU,not ironic
2924,,,NEU,not ironic
2925,,,NEU,not ironic
2926,,,NEU,not ironic
2927,,,NEU,not ironic
2928,,,NEU,not ironic
2929,,,NEU,not ironic
2930,,,NEU,not ironic
2931,,,NEU,not ironic
2932,,,NEU,not ironic
2933,,,NEU,not ironic
2934,,,NEU,not ironic
2935,,,NEU,not ironic
2936,,,NEU,not ironic
2937,,,NEU,not ironic
2938,,,NEU,not ironic
2939,,,NEU,not ironic
2940,,,NEU,not ironic
2941,,,NEU,not ironic
2942,,,NEU,not ironic
2943,,,NEU,not ironic
2944,,,NEU,not ironic
2945,,,NEU,not ironic
2946,,,NEU,not ironic
2947,,,NEU,not ironic
2948,,,NEU,not ironic
2949,,,NEU,not ironic
2950,,,NEU,not ironic
2951,,,NEU,not ironic
2952,,,NEU,not ironic
2953,,,NEU,not ironic
2954,,,NEU,not ironic
2955,,,NEU,not ironic
2956,,,NEU,not ironic
2957,,,NEU,not ironic
2958,,,NEU,not ironic
2959,,,NEU,not ironic
2960,,,NEU,not ironic
2961,,,NEU,not ironic
2962,,,NEU,not ironic
2963,,,NEU,not ironic
2964,,,NEU,not ironic
2965,,,NEU,not ironic
2966,,,NEU,not ironic
2967,,,NEU,not ironic
2968,,,NEU,not ironic
2969,,,NEU,not ironic
2970,,,NEU,not ironic
2971,,,NEU,not ironic
2972,,,NEU,not ironic
2973,,,NEU,not ironic
2974,,,NEU,not ironic
2975,,,NEU,not ironic
2976,,,NEU,not ironic
2977,,,NEU,not ironic
2978,,,NEU,not ironic
2979,,,NEU,not ironic
2980,,,NEU,not ironic
2981,,,NEU,not ironic
2982,,,NEU,not ironic
2983,,,NEU,not ironic
2984,,,NEU,not ironic
2985,,,NEU,not ironic
2986,,,NEU,not ironic
2987,,,NEU,not ironic
2988,,,NEU,not ironic
2989,,,NEU,not ironic
2990,,,NEU,not ironic
2991,,,NEU,not ironic
2992,,,NEU,not ironic
2993,,,NEU,not ironic
2994,,,NEU,not ironic
2995,,,NEU,not ironic
2996,,,NEU,not ironic
2997,,,NEU,not ironic
2998,,,NEU,not ironic
2999,,,NEU,not ironic
3000,,,NEU,not ironic
3001,,,NEU,not ironic
3002,,,NEU,not ironic
3003,,,NEU,not ironic
3004,,,NEU,not ironic
3005,,,NEU,not ironic
3006,,,NEU,not ironic
3007,,,NEU,not ironic
3008,,,NEU,not ironic
3009,,,NEU,not ironic
3010,,,NEU,not ironic
3011,,,NEU,not ironic
3012,,,NEU,not ironic
3013,,,NEU,not ironic
3014,,,NEU,not ironic
3015,,,NEU,not ironic
3016,,,NEU,not ironic
3017,,,NEU,not ironic
3018,,,NEU,not ironic
3019,,,NEU,not ironic
3020,,,NEU,not ironic
3021,,,NEU,not ironic
3022,,,NEU,not ironic
3023,,,NEU,not ironic
3024,,,NEU,not ironic
3025,,,NEU,not ironic
3026,,,NEU,not ironic
3027,,,NEU,not ironic
3028,,,NEU,not ironic
3029,,,NEU,not ironic
3030,,,NEU,not ironic
3031,,,NEU,not ironic
3032,,,NEU,not ironic
3033,,,NEU,not ironic
3034,,,NEU,not ironic
3035,,,NEU,not ironic
3036,,,NEU,not ironic
3037,,,NEU,not ironic
3038,,,NEU,not ironic
3039,,,NEU,not ironic
3040,,,NEU,not ironic
3041,,,NEU,not ironic
3042,,,NEU,not ironic
3043,,,NEU,not ironic
3044,,,NEU,not ironic
3045,,,NEU,not ironic
3046,,,NEU,not ironic
3047,,,NEU,not ironic
3048,,,NEU,not ironic
3049,,,NEU,not ironic
3050,,,NEU,not ironic
3051,,,NEU,not ironic
3052,,,NEU,not ironic
3053,,,NEU,not ironic
3054,,,NEU,not ironic
3055,,,NEU,not ironic
3056,,,NEU,not ironic
3057,,,NEU,not ironic
3058,,,NEU,not ironic
3059,,,NEU,not ironic
3060,,,NEU,not ironic
3061,,,NEU,not ironic
3062,,,NEU,not ironic
3063,,,NEU,not ironic
3064,,,NEU,not ironic
3065,,,NEU,not ironic
3066,,,NEU,not ironic
3067,,,NEU,not ironic
3068,,,NEU,not ironic
3069,,,NEU,not ironic
3070,,,NEU,not ironic
3071,,,NEU,not ironic
3072,,,NEU,not ironic
3073,,,NEU,not ironic
3074,,,NEU,not ironic
3075,,,NEU,not ironic
3076,,,NEU,not ironic
3077,,,NEU,not ironic
3078,,,NEU,not ironic
3079,,,NEU,not ironic
3080,,,NEU,not ironic
3081,,,NEU,not ironic
3082,,,NEU,not ironic
3083,,,NEU,not ironic
3084,,,NEU,not ironic
3085,,,NEU,not ironic
3086,,,NEU,not ironic
3087,,,NEU,not ironic
3088,,,NEU,not ironic
3089,,,NEU,not ironic
3090,,,NEU,not ironic
3091,,,NEU,not ironic
3092,,,NEU,not ironic
3093,,,NEU,not ironic
3094,,,NEU,not ironic
3095,,,NEU,not ironic
3096,,,NEU,not ironic
3097,,,NEU,not ironic
3098,,,NEU,not ironic
3099,,,NEU,not ironic
3100,,,NEU,not ironic
3101,,,NEU,not ironic
3102,,,NEU,not ironic
3103,,,NEU,not ironic
3104,,,NEU,not ironic
3105,,,NEU,not ironic
3106,,,NEU,not ironic
3107,,,NEU,not ironic
3108,,,NEU,not ironic
3109,,,NEU,not ironic
3110,,,NEU,not ironic
3111,,,NEU,not ironic
3112,,,NEU,not ironic
3113,,,NEU,not ironic
3114,,,NEU,not ironic
3115,,,NEU,not ironic
3116,,,NEU,not ironic
3117,,,NEU,not ironic
3118,,,NEU,not ironic
3119,,,NEU,not ironic
3120,,,NEU,not ironic
3121,,,NEU,not ironic
3122,,,NEU,not ironic
3123,,,NEU,not ironic
3124,,,NEU,not ironic
3125,,,NEU,not ironic
3126,,,NEU,not ironic
3127,,,NEU,not ironic
3128,,,NEU,not ironic
3129,,,NEU,not ironic
3130,,,NEU,not ironic
3131,,,NEU,not ironic
3132,,,NEU,not ironic
3133,,,NEU,not ironic
3134,,,NEU,not ironic
3135,,,NEU,not ironic
3136,,,NEU,not ironic
3137,,,NEU,not ironic
3138,,,NEU,not ironic
3139,,,NEU,not ironic
3140,,,NEU,not ironic
3141,,,NEU,not ironic
3142,,,NEU,not ironic
3143,,,NEU,not ironic
3144,,,NEU,not ironic
3145,,,NEU,not ironic
3146,,,NEU,not ironic
3147,,,NEU,not ironic
3148,,,NEU,not ironic
3149,,,NEU,not ironic
3150,,,NEU,not ironic
3151,,,NEU,not ironic
3152,,,NEU,not ironic
3153,,,NEU,not ironic
3154,,,NEU,not ironic
3155,,,NEU,not ironic
3156,,,NEU,not ironic
3157,,,NEU,not ironic
3158,,,NEU,not ironic
3159,,,NEU,not ironic
3160,,,NEU,not ironic
3161,,,NEU,not ironic
3162,,,NEU,not ironic
3163,,,NEU,not ironic
3164,,,NEU,not ironic
3165,,,NEU,not ironic
3166,,,NEU,not ironic
3167,,,NEU,not ironic
3168,,,NEU,not ironic
3169,,,NEU,not ironic
3170,,,NEU,not ironic
3171,,,NEU,not ironic
3172,,,NEU,not ironic
3173,,,NEU,not ironic
3174,,,NEU,not ironic
3175,,,NEU,not ironic
3176,,,NEU,not ironic
3177,,,NEU,not ironic
3178,,,NEU,not ironic
3179,,,NEU,not ironic
3180,,,NEU,not ironic
3181,,,NEU,not ironic
3182,,,NEU,not ironic
3183,,,NEU,not ironic
3184,,,NEU,not ironic
3185,,,NEU,not ironic
3186,,,NEU,not ironic
3187,,,NEU,not ironic
3188,,,NEU,not ironic
3189,,,NEU,not ironic
3190,,,NEU,not ironic
3191,,,NEU,not ironic
3192,,,NEU,not ironic
3193,,,NEU,not ironic
3194,,,NEU,not ironic
3195,,,NEU,not ironic
3196,,,NEU,not ironic
3197,,,NEU,not ironic
3198,,,NEU,not ironic
3199,,,NEU,not ironic
3200,,,NEU,not ironic
3201,,,NEU,not ironic
3202,,,NEU,not ironic
3203,,,NEU,not ironic
3204,,,NEU,not ironic
3205,,,NEU,not ironic
3206,,,NEU,not ironic
3207,,,NEU,not ironic
3208,,,NEU,not ironic
3209,,,NEU,not ironic
3210,,,NEU,not ironic
3211,,,NEU,not ironic
3212,,,NEU,not ironic
3213,,,NEU,not ironic
3214,,,NEU,not ironic
3215,,,NEU,not ironic
3216,,,NEU,not ironic
3217,,,NEU,not ironic
3218,,,NEU,not ironic
3219,,,NEU,not ironic
3220,,,NEU,not ironic
3221,,,NEU,not ironic
3222,,,NEU,not ironic
3223,,,NEU,not ironic
3224,,,NEU,not ironic
3225,,,NEU,not ironic
3226,,,NEU,not ironic
3227,,,NEU,not ironic
3228,,,NEU,not ironic
3229,,,NEU,not ironic
3230,,,NEU,not ironic
3231,,,NEU,not ironic
3232,,,NEU,not ironic
3233,,,NEU,not ironic
3234,,,NEU,not ironic
3235,,,NEU,not ironic
3236,,,NEU,not ironic
3237,,,NEU,not ironic
3238,,,NEU,not ironic
3239,,,NEU,not ironic
3240,,,NEU,not ironic
3241,,,NEU,not ironic
3242,,,NEU,not ironic
3243,,,NEU,not ironic
3244,,,NEU,not ironic
3245,,,NEU,not ironic
3246,,,NEU,not ironic
3247,,,NEU,not ironic
3248,,,NEU,not ironic
3249,,,NEU,not ironic
3250,,,NEU,not ironic
3251,,,NEU,not ironic
3252,,,NEU,not ironic
3253,,,NEU,not ironic
3254,,,NEU,not ironic
3255,,,NEU,not ironic
3256,,,NEU,not ironic
3257,,,NEU,not ironic
3258,,,NEU,not ironic
3259,,,NEU,not ironic
3260,,,NEU,not ironic
3261,,,NEU,not ironic
3262,,,NEU,not ironic
3263,,,NEU,not ironic
3264,,,NEU,not ironic
3265,,,NEU,not ironic
3266,,,NEU,not ironic
3267,,,NEU,not ironic
3268,,,NEU,not ironic
3269,,,NEU,not ironic
3270,,,NEU,not ironic
3271,,,NEU,not ironic
3272,,,NEU,not ironic
3273,,,NEU,not ironic
3274,,,NEU,not ironic
3275,,,NEU,not ironic
3276,,,NEU,not ironic
3277,,,NEU,not ironic
3278,,,NEU,not ironic
3279,,,NEU,not ironic
3280,,,NEU,not ironic
3281,,,NEU,not ironic
3282,,,NEU,not ironic
3283,,,NEU,not ironic
3284,,,NEU,not ironic
3285,,,NEU,not ironic
3286,,,NEU,not ironic
3287,,,NEU,not ironic
3288,,,NEU,not ironic
3289,,,NEU,not ironic
3290,,,NEU,not ironic
3291,,,NEU,not ironic
3292,,,NEU,not ironic
3293,,,NEU,not ironic
3294,,,NEU,not ironic
3295,,,NEU,not ironic
3296,,,NEU,not ironic
3297,,,NEU,not ironic
3298,,,NEU,not ironic
3299,,,NEU,not ironic
3300,,,NEU,not ironic
3301,,,NEU,not ironic
3302,,,NEU,not ironic
3303,,,NEU,not ironic
3304,,,NEU,not ironic
3305,,,NEU,not ironic
3306,,,NEU,not ironic
3307,,,NEU,not ironic
3308,,,NEU,not ironic
3309,,,NEU,not ironic
3310,,,NEU,not ironic
3311,,,NEU,not ironic
3312,,,NEU,not ironic
3313,,,NEU,not ironic
3314,,,NEU,not ironic
3315,,,NEU,not ironic
3316,,,NEU,not ironic
3317,,,NEU,not ironic
3318,,,NEU,not ironic
3319,,,NEU,not ironic
3320,,,NEU,not ironic
3321,,,NEU,not ironic
3322,,,NEU,not ironic
3323,,,NEU,not ironic
3324,,,NEU,not ironic
3325,,,NEU,not ironic
3326,,,NEU,not ironic
3327,,,NEU,not ironic
3328,,,NEU,not ironic
3329,,,NEU,not ironic
3330,,,NEU,not ironic
3331,,,NEU,not ironic
3332,,,NEU,not ironic
3333,,,NEU,not ironic
3334,,,NEU,not ironic
3335,,,NEU,not ironic
3336,,,NEU,not ironic
3337,,,NEU,not ironic
3338,,,NEU,not ironic
3339,,,NEU,not ironic
3340,,,NEU,not ironic
3341,,,NEU,not ironic
3342,,,NEU,not ironic
3343,,,NEU,not ironic
3344,,,NEU,not ironic
3345,,,NEU,not ironic
3346,,,NEU,not ironic
3347,,,NEU,not ironic
3348,,,NEU,not ironic
3349,,,NEU,not ironic
3350,,,NEU,not ironic
3351,,,NEU,not ironic
3352,,,NEU,not ironic
3353,,,NEU,not ironic
3354,,,NEU,not ironic
3355,,,NEU,not ironic
3356,,,NEU,not ironic
3357,,,NEU,not ironic
3358,,,NEU,not ironic
3359,,,NEU,not ironic
3360,,,NEU,not ironic
3361,,,NEU,not ironic
3362,,,NEU,not ironic
3363,,,NEU,not ironic
3364,,,NEU,not ironic
3365,,,NEU,not ironic
3366,,,NEU,not ironic
3367,,,NEU,not ironic
3368,,,NEU,not ironic
3369,,,NEU,not ironic
3370,,,NEU,not ironic
3371,,,NEU,not ironic
3372,,,NEU,not ironic
3373,,,NEU,not ironic
3374,,,NEU,not ironic
3375,,,NEU,not ironic
3376,,,NEU,not ironic
3377,,,NEU,not ironic
3378,,,NEU,not ironic
3379,,,NEU,not ironic
3380,,,NEU,not ironic
3381,,,NEU,not ironic
3382,,,NEU,not ironic
3383,,,NEU,not ironic
3384,,,NEU,not ironic
3385,,,NEU,not ironic
3386,,,NEU,not ironic
3387,,,NEU,not ironic
3388,,,NEU,not ironic
3389,,,NEU,not ironic
3390,,,NEU,not ironic
3391,,,NEU,not ironic
3392,,,NEU,not ironic
3393,,,NEU,not ironic
3394,,,NEU,not ironic
3395,,,NEU,not ironic
3396,,,NEU,not ironic
3397,,,NEU,not ironic
3398,,,NEU,not ironic
3399,,,NEU,not ironic
3400,,,NEU,not ironic
3401,,,NEU,not ironic
3402,,,NEU,not ironic
3403,,,NEU,not ironic
3404,,,NEU,not ironic
3405,,,NEU,not ironic
3406,,,NEU,not ironic
3407,,,NEU,not ironic
3408,,,NEU,not ironic
3409,,,NEU,not ironic
3410,,,NEU,not ironic
3411,,,NEU,not ironic
3412,,,NEU,not ironic
3413,,,NEU,not ironic
3414,,,NEU,not ironic
3415,,,NEU,not ironic
3416,,,NEU,not ironic
3417,,,NEU,not ironic
3418,,,NEU,not ironic
3419,,,NEU,not ironic
3420,,,NEU,not ironic
3421,,,NEU,not ironic
3422,,,NEU,not ironic
3423,,,NEU,not ironic
3424,,,NEU,not ironic
3425,,,NEU,not ironic
3426,,,NEU,not ironic
3427,,,NEU,not ironic
3428,,,NEU,not ironic
3429,,,NEU,not ironic
3430,,,NEU,not ironic
3431,,,NEU,not ironic
3432,,,NEU,not ironic
3433,,,NEU,not ironic
3434,,,NEU,not ironic
3435,,,NEU,not ironic
3436,,,NEU,not ironic
3437,,,NEU,not ironic
3438,,,NEU,not ironic
3439,,,NEU,not ironic
3440,,,NEU,not ironic
3441,,,NEU,not ironic
3442,,,NEU,not ironic
3443,,,NEU,not ironic
3444,,,NEU,not ironic
3445,,,NEU,not ironic
3446,,,NEU,not ironic
3447,,,NEU,not ironic
3448,,,NEU,not ironic
3449,,,NEU,not ironic
3450,,,NEU,not ironic
3451,,,NEU,not ironic
3452,,,NEU,not ironic
3453,,,NEU,not ironic
3454,,,NEU,not ironic
3455,,,NEU,not ironic
3456,,,NEU,not ironic
3457,,,NEU,not ironic
3458,,,NEU,not ironic
3459,,,NEU,not ironic
3460,,,NEU,not ironic
3461,,,NEU,not ironic
3462,,,NEU,not ironic
3463,,,NEU,not ironic
3464,,,NEU,not ironic
3465,,,NEU,not ironic
3466,,,NEU,not ironic
3467,,,NEU,not ironic
3468,,,NEU,not ironic
3469,,,NEU,not ironic
3470,,,NEU,not ironic
3471,,,NEU,not ironic
3472,,,NEU,not ironic
3473,,,NEU,not ironic
3474,,,NEU,not ironic
3475,,,NEU,not ironic
3476,,,NEU,not ironic
3477,,,NEU,not ironic
3478,,,NEU,not ironic
3479,,,NEU,not ironic
3480,,,NEU,not ironic
3481,,,NEU,not ironic
3482,,,NEU,not ironic
3483,,,NEU,not ironic
3484,,,NEU,not ironic
3485,,,NEU,not ironic
3486,,,NEU,not ironic
3487,,,NEU,not ironic
3488,,,NEU,not ironic
3489,,,NEU,not ironic
3490,,,NEU,not ironic
3491,,,NEU,not ironic
3492,,,NEU,not ironic
3493,,,NEU,not ironic
3494,,,NEU,not ironic
3495,,,NEU,not ironic
3496,,,NEU,not ironic
3497,,,NEU,not ironic
3498,,,NEU,not ironic
3499,,,NEU,not ironic
3500,,,NEU,not ironic
3501,,,NEU,not ironic
3502,,,NEU,not ironic
3503,,,NEU,not ironic
3504,,,NEU,not ironic
3505,,,NEU,not ironic
3506,,,NEU,not ironic
3507,,,NEU,not ironic
3508,,,NEU,not ironic
3509,,,NEU,not ironic
3510,,,NEU,not ironic
3511,,,NEU,not ironic
3512,,,NEU,not ironic
3513,,,NEU,not ironic
3514,,,NEU,not ironic
3515,,,NEU,not ironic
3516,,,NEU,not ironic
3517,,,NEU,not ironic
3518,,,NEU,not ironic
3519,,,NEU,not ironic
3520,,,NEU,not ironic
3521,,,NEU,not ironic
3522,,,NEU,not ironic
3523,,,NEU,not ironic
3524,,,NEU,not ironic
3525,,,NEU,not ironic
3526,,,NEU,not ironic
3527,,,NEU,not ironic
3528,,,NEU,not ironic
3529,,,NEU,not ironic
3530,,,NEU,not ironic
3531,,,NEU,not ironic
3532,,,NEU,not ironic
3533,,,NEU,not ironic
3534,,,NEU,not ironic
3535,,,NEU,not ironic
3536,,,NEU,not ironic
3537,,,NEU,not ironic
3538,,,NEU,not ironic
3539,,,NEU,not ironic
3540,,,NEU,not ironic
3541,,,NEU,not ironic
3542,,,NEU,not ironic
3543,,,NEU,not ironic
3544,,,NEU,not ironic
3545,,,NEU,not ironic
3546,,,NEU,not ironic
3547,,,NEU,not ironic
3548,,,NEU,not ironic
3549,,,NEU,not ironic
3550,,,NEU,not ironic
3551,,,NEU,not ironic
3552,,,NEU,not ironic
3553,,,NEU,not ironic
3554,,,NEU,not ironic
3555,,,NEU,not ironic
3556,,,NEU,not ironic
3557,,,NEU,not ironic
3558,,,NEU,not ironic
3559,,,NEU,not ironic
3560,,,NEU,not ironic
3561,,,NEU,not ironic
3562,,,NEU,not ironic
3563,,,NEU,not ironic
3564,,,NEU,not ironic
3565,,,NEU,not ironic
3566,,,NEU,not ironic
3567,,,NEU,not ironic
3568,,,NEU,not ironic
3569,,,NEU,not ironic
3570,,,NEU,not ironic
3571,,,NEU,not ironic
3572,,,NEU,not ironic
3573,,,NEU,not ironic
3574,,,NEU,not ironic
3575,,,NEU,not ironic
3576,,,NEU,not ironic
3577,,,NEU,not ironic
3578,,,NEU,not ironic
3579,,,NEU,not ironic
3580,,,NEU,not ironic
3581,,,NEU,not ironic
3582,,,NEU,not ironic
3583,,,NEU,not ironic
3584,,,NEU,not ironic
3585,,,NEU,not ironic
3586,,,NEU,not ironic
3587,,,NEU,not ironic
3588,,,NEU,not ironic
3589,,,NEU,not ironic
3590,,,NEU,not ironic
3591,,,NEU,not ironic
3592,,,NEU,not ironic
3593,,,NEU,not ironic
3594,,,NEU,not ironic
3595,,,NEU,not ironic
3596,,,NEU,not ironic
3597,,,NEU,not ironic
3598,,,NEU,not ironic
3599,,,NEU,not ironic
3600,,,NEU,not ironic
3601,,,NEU,not ironic
3602,,,NEU,not ironic
3603,,,NEU,not ironic
3604,,,NEU,not ironic
3605,,,NEU,not ironic
3606,,,NEU,not ironic
3607,,,NEU,not ironic
3608,,,NEU,not ironic
3609,,,NEU,not ironic
3610,,,NEU,not ironic
3611,,,NEU,not ironic
3612,,,NEU,not ironic
3613,,,NEU,not ironic
3614,,,NEU,not ironic
3615,,,NEU,not ironic
3616,,,NEU,not ironic
3617,,,NEU,not ironic
3618,,,NEU,not ironic
3619,,,NEU,not ironic
3620,,,NEU,not ironic
3621,,,NEU,not ironic
3622,,,NEU,not ironic
3623,,,NEU,not ironic
3624,,,NEU,not ironic
3625,,,NEU,not ironic
3626,,,NEU,not ironic
3627,,,NEU,not ironic
3628,,,NEU,not ironic
3629,,,NEU,not ironic
3630,,,NEU,not ironic
3631,,,NEU,not ironic
3632,,,NEU,not ironic
3633,,,NEU,not ironic
3634,,,NEU,not ironic
3635,,,NEU,not ironic
3636,,,NEU,not ironic
3637,,,NEU,not ironic
3638,,,NEU,not ironic
3639,,,NEU,not ironic
3640,,,NEU,not ironic
3641,,,NEU,not ironic
3642,,,NEU,not ironic
3643,,,NEU,not ironic
3644,,,NEU,not ironic
3645,,,NEU,not ironic
3646,,,NEU,not ironic
3647,,,NEU,not ironic
3648,,,NEU,not ironic
3649,,,NEU,not ironic
3650,,,NEU,not ironic
3651,,,NEU,not ironic
3652,,,NEU,not ironic
3653,,,NEU,not ironic
3654,,,NEU,not ironic
3655,,,NEU,not ironic
3656,,,NEU,not ironic
3657,,,NEU,not ironic
3658,,,NEU,not ironic
3659,,,NEU,not ironic
3660,,,NEU,not ironic
3661,,,NEU,not ironic
3662,,,NEU,not ironic
3663,,,NEU,not ironic
3664,,,NEU,not ironic
3665,,,NEU,not ironic
3666,,,NEU,not ironic
3667,,,NEU,not ironic
3668,,,NEU,not ironic
3669,,,NEU,not ironic
3670,,,NEU,not ironic
3671,,,NEU,not ironic
3672,,,NEU,not ironic
3673,,,NEU,not ironic
3674,,,NEU,not ironic
3675,,,NEU,not ironic
3676,,,NEU,not ironic
3677,,,NEU,not ironic
3678,,,NEU,not ironic
3679,,,NEU,not ironic
3680,,,NEU,not ironic
3681,,,NEU,not ironic
3682,,,NEU,not ironic
3683,,,NEU,not ironic
3684,,,NEU,not ironic
3685,,,NEU,not ironic
3686,,,NEU,not ironic
3687,,,NEU,not ironic
3688,,,NEU,not ironic
3689,,,NEU,not ironic
3690,,,NEU,not ironic
3691,,,NEU,not ironic
3692,,,NEU,not ironic
3693,,,NEU,not ironic
3694,,,NEU,not ironic
3695,,,NEU,not ironic
3696,,,NEU,not ironic
3697,,,NEU,not ironic
3698,,,NEU,not ironic
3699,,,NEU,not ironic
3700,,,NEU,not ironic
3701,,,NEU,not ironic
3702,,,NEU,not ironic
3703,,,NEU,not ironic
3704,,,NEU,not ironic
3705,,,NEU,not ironic
3706,,,NEU,not ironic
3707,,,NEU,not ironic
3708,,,NEU,not ironic
3709,,,NEU,not ironic
3710,,,NEU,not ironic
3711,,,NEU,not ironic
3712,,,NEU,not ironic
3713,,,NEU,not ironic
3714,,,NEU,not ironic
3715,,,NEU,not ironic
3716,,,NEU,not ironic
3717,,,NEU,not ironic
3718,,,NEU,not ironic
3719,,,NEU,not ironic
3720,,,NEU,not ironic
3721,,,NEU,not ironic
3722,,,NEU,not ironic
3723,,,NEU,not ironic
3724,,,NEU,not ironic
3725,,,NEU,not ironic
3726,,,NEU,not ironic
3727,,,NEU,not ironic
3728,,,NEU,not ironic
3729,,,NEU,not ironic
3730,,,NEU,not ironic
3731,,,NEU,not ironic
3732,,,NEU,not ironic
3733,,,NEU,not ironic
3734,,,NEU,not ironic
3735,,,NEU,not ironic
3736,,,NEU,not ironic
3737,,,NEU,not ironic
3738,,,NEU,not ironic
3739,,,NEU,not ironic
3740,,,NEU,not ironic
3741,,,NEU,not ironic
3742,,,NEU,not ironic
3743,,,NEU,not ironic
3744,,,NEU,not ironic
3745,,,NEU,not ironic
3746,,,NEU,not ironic
3747,,,NEU,not ironic
3748,,,NEU,not ironic
3749,,,NEU,not ironic
3750,,,NEU,not ironic
3751,,,NEU,not ironic
3752,,,NEU,not ironic
3753,,,NEU,not ironic
3754,,,NEU,not ironic
3755,,,NEU,not ironic
3756,,,NEU,not ironic
3757,,,NEU,not ironic
3758,,,NEU,not ironic
3759,,,NEU,not ironic
3760,,,NEU,not ironic
3761,,,NEU,not ironic
3762,,,NEU,not ironic
3763,,,NEU,not ironic
3764,,,NEU,not ironic
3765,,,NEU,not ironic
3766,,,NEU,not ironic
3767,,,NEU,not ironic
3768,,,NEU,not ironic
3769,,,NEU,not ironic
3770,,,NEU,not ironic
3771,,,NEU,not ironic
3772,,,NEU,not ironic
3773,,,NEU,not ironic
3774,,,NEU,not ironic
3775,,,NEU,not ironic
3776,,,NEU,not ironic
3777,,,NEU,not ironic
3778,,,NEU,not ironic
3779,,,NEU,not ironic
3780,,,NEU,not ironic
3781,,,NEU,not ironic
3782,,,NEU,not ironic
3783,,,NEU,not ironic
3784,,,NEU,not ironic
3785,,,NEU,not ironic
3786,,,NEU,not ironic
3787,,,NEU,not ironic
3788,,,NEU,not ironic
3789,,,NEU,not ironic
3790,,,NEU,not ironic
3791,,,NEU,not ironic
3792,,,NEU,not ironic
3793,,,NEU,not ironic
3794,,,NEU,not ironic
3795,,,NEU,not ironic
3796,,,NEU,not ironic
3797,,,NEU,not ironic
3798,,,NEU,not ironic
3799,,,NEU,not ironic
3800,,,NEU,not ironic
3801,,,NEU,not ironic
3802,,,NEU,not ironic
3803,,,NEU,not ironic
3804,,,NEU,not ironic
3805,,,NEU,not ironic
3806,,,NEU,not ironic
3807,,,NEU,not ironic
3808,,,NEU,not ironic
3809,,,NEU,not ironic
3810,,,NEU,not ironic
3811,,,NEU,not ironic
3812,,,NEU,not ironic
3813,,,NEU,not ironic
3814,,,NEU,not ironic
3815,,,NEU,not ironic
3816,,,NEU,not ironic
3817,,,NEU,not ironic
3818,,,NEU,not ironic
3819,,,NEU,not ironic
3820,,,NEU,not ironic
3821,,,NEU,not ironic
3822,,,NEU,not ironic
3823,,,NEU,not ironic
3824,,,NEU,not ironic
3825,,,NEU,not ironic
3826,,,NEU,not ironic
3827,,,NEU,not ironic
3828,,,NEU,not ironic
3829,,,NEU,not ironic
3830,,,NEU,not ironic
3831,,,NEU,not ironic
3832,,,NEU,not ironic
3833,,,NEU,not ironic
3834,,,NEU,not ironic
3835,,,NEU,not ironic
3836,,,NEU,not ironic
3837,,,NEU,not ironic
3838,,,NEU,not ironic
3839,,,NEU,not ironic
3840,,,NEU,not ironic
3841,,,NEU,not ironic
3842,,,NEU,not ironic
3843,,,NEU,not ironic
3844,,,NEU,not ironic
3845,,,NEU,not ironic
3846,,,NEU,not ironic
3847,,,NEU,not ironic
3848,,,NEU,not ironic
3849,,,NEU,not ironic
3850,,,NEU,not ironic
3851,,,NEU,not ironic
3852,,,NEU,not ironic
3853,,,NEU,not ironic
3854,,,NEU,not ironic
3855,,,NEU,not ironic
3856,,,NEU,not ironic
3857,,,NEU,not ironic
3858,,,NEU,not ironic
3859,,,NEU,not ironic
3860,,,NEU,not ironic
3861,,,NEU,not ironic
3862,,,NEU,not ironic
3863,,,NEU,not ironic
3864,,,NEU,not ironic
3865,,,NEU,not ironic
3866,,,NEU,not ironic
3867,,,NEU,not ironic
3868,,,NEU,not ironic
3869,,,NEU,not ironic
3870,,,NEU,not ironic
3871,,,NEU,not ironic
3872,,,NEU,not ironic
3873,,,NEU,not ironic
3874,,,NEU,not ironic
3875,,,NEU,not ironic
3876,,,NEU,not ironic
3877,,,NEU,not ironic
3878,,,NEU,not ironic
3879,,,NEU,not ironic
3880,,,NEU,not ironic
3881,,,NEU,not ironic
3882,,,NEU,not ironic
3883,,,NEU,not ironic
3884,,,NEU,not ironic
3885,,,NEU,not ironic
3886,,,NEU,not ironic
3887,,,NEU,not ironic
3888,,,NEU,not ironic
3889,,,NEU,not ironic
3890,,,NEU,not ironic
3891,,,NEU,not ironic
3892,,,NEU,not ironic
3893,,,NEU,not ironic
3894,,,NEU,not ironic
3895,,,NEU,not ironic
3896,,,NEU,not ironic
3897,,,NEU,not ironic
3898,,,NEU,not ironic
3899,,,NEU,not ironic
3900,,,NEU,not ironic
3901,,,NEU,not ironic
3902,,,NEU,not ironic
3903,,,NEU,not ironic
3904,,,NEU,not ironic
3905,,,NEU,not ironic
3906,,,NEU,not ironic
3907,,,NEU,not ironic
3908,,,NEU,not ironic
3909,,,NEU,not ironic
3910,,,NEU,not ironic
3911,,,NEU,not ironic
3912,,,NEU,not ironic
3913,,,NEU,not ironic
3914,,,NEU,not ironic
3915,,,NEU,not ironic
3916,,,NEU,not ironic
3917,,,NEU,not ironic
3918,,,NEU,not ironic
3919,,,NEU,not ironic
3920,,,NEU,not ironic
3921,,,NEU,not ironic
3922,,,NEU,not ironic
3923,,,NEU,not ironic
3924,,,NEU,not ironic
3925,,,NEU,not ironic
3926,,,NEU,not ironic
3927,,,NEU,not ironic
3928,,,NEU,not ironic
3929,,,NEU,not ironic
3930,,,NEU,not ironic
3931,,,NEU,not ironic
3932,,,NEU,not ironic
3933,,,NEU,not ironic
3934,,,NEU,not ironic
3935,,,NEU,not ironic
3936,,,NEU,not ironic
3937,,,NEU,not ironic
3938,,,NEU,not ironic
3939,,,NEU,not ironic
3940,,,NEU,not ironic
3941,,,NEU,not ironic
3942,,,NEU,not ironic
3943,,,NEU,not ironic
3944,,,NEU,not ironic
3945,,,NEU,not ironic
3946,,,NEU,not ironic
3947,,,NEU,not ironic
3948,,,NEU,not ironic
3949,,,NEU,not ironic
3950,,,NEU,not ironic
3951,,,NEU,not ironic
3952,,,NEU,not ironic
3953,,,NEU,not ironic
3954,,,NEU,not ironic
3955,,,NEU,not ironic
3956,,,NEU,not ironic
3957,,,NEU,not ironic
3958,,,NEU,not ironic
3959,,,NEU,not ironic
3960,,,NEU,not ironic
3961,,,NEU,not ironic
3962,,,NEU,not ironic
3963,,,NEU,not ironic
3964,,,NEU,not ironic
3965,,,NEU,not ironic
3966,,,NEU,not ironic
3967,,,NEU,not ironic
3968,,,NEU,not ironic
3969,,,NEU,not ironic
3970,,,NEU,not ironic
3971,,,NEU,not ironic
3972,,,NEU,not ironic
3973,,,NEU,not ironic
3974,,,NEU,not ironic
3975,,,NEU,not ironic
3976,,,NEU,not ironic
3977,,,NEU,not ironic
3978,,,NEU,not ironic
3979,,,NEU,not ironic
3980,,,NEU,not ironic
3981,,,NEU,not ironic
3982,,,NEU,not ironic
3983,,,NEU,not ironic
3984,,,NEU,not ironic
3985,,,NEU,not ironic
3986,,,NEU,not ironic
3987,,,NEU,not ironic
3988,,,NEU,not ironic
3989,,,NEU,not ironic
3990,,,NEU,not ironic
3991,,,NEU,not ironic
3992,,,NEU,not ironic
3993,,,NEU,not ironic
3994,,,NEU,not ironic
3995,,,NEU,not ironic
3996,,,NEU,not ironic
3997,,,NEU,not ironic
3998,,,NEU,not ironic
3999,,,NEU,not ironic
4000,,,NEU,not ironic
4001,,,NEU,not ironic
4002,,,NEU,not ironic
4003,,,NEU,not ironic
4004,,,NEU,not ironic
4005,,,NEU,not ironic
4006,,,NEU,not ironic
4007,,,NEU,not ironic
4008,,,NEU,not ironic
4009,,,NEU,not ironic
4010,,,NEU,not ironic
4011,,,NEU,not ironic
4012,,,NEU,not ironic
4013,,,NEU,not ironic
4014,,,NEU,not ironic
4015,,,NEU,not ironic
4016,,,NEU,not ironic
4017,,,NEU,not ironic
4018,,,NEU,not ironic
4019,,,NEU,not ironic
4020,,,NEU,not ironic
4021,,,NEU,not ironic
4022,,,NEU,not ironic
4023,,,NEU,not ironic
4024,,,NEU,not ironic
4025,,,NEU,not ironic
4026,,,NEU,not ironic
4027,,,NEU,not ironic
4028,,,NEU,not ironic
4029,,,NEU,not ironic
4030,,,NEU,not ironic
4031,,,NEU,not ironic
4032,,,NEU,not ironic
4033,,,NEU,not ironic
4034,,,NEU,not ironic
4035,,,NEU,not ironic
4036,,,NEU,not ironic
4037,,,NEU,not ironic
4038,,,NEU,not ironic
4039,,,NEU,not ironic
4040,,,NEU,not ironic
4041,,,NEU,not ironic
4042,,,NEU,not ironic
4043,,,NEU,not ironic
4044,,,NEU,not ironic
4045,,,NEU,not ironic
4046,,,NEU,not ironic
4047,,,NEU,not ironic
4048,,,NEU,not ironic
4049,,,NEU,not ironic
4050,,,NEU,not ironic
4051,,,NEU,not ironic
4052,,,NEU,not ironic
4053,,,NEU,not ironic
4054,,,NEU,not ironic
4055,,,NEU,not ironic
4056,,,NEU,not ironic
4057,,,NEU,not ironic
4058,,,NEU,not ironic
4059,,,NEU,not ironic
4060,,,NEU,not ironic
4061,,,NEU,not ironic
4062,,,NEU,not ironic
4063,,,NEU,not ironic
4064,,,NEU,not ironic
4065,,,NEU,not ironic
4066,,,NEU,not ironic
4067,,,NEU,not ironic
4068,,,NEU,not ironic
4069,,,NEU,not ironic
4070,,,NEU,not ironic
4071,,,NEU,not ironic
4072,,,NEU,not ironic
4073,,,NEU,not ironic
4074,,,NEU,not ironic
4075,,,NEU,not ironic
4076,,,NEU,not ironic
4077,,,NEU,not ironic
4078,,,NEU,not ironic
4079,,,NEU,not ironic
4080,,,NEU,not ironic
4081,,,NEU,not ironic
4082,,,NEU,not ironic
4083,,,NEU,not ironic
4084,,,NEU,not ironic
4085,,,NEU,not ironic
4086,,,NEU,not ironic
4087,,,NEU,not ironic
4088,,,NEU,not ironic
4089,,,NEU,not ironic
4090,,,NEU,not ironic
4091,,,NEU,not ironic
4092,,,NEU,not ironic
4093,,,NEU,not ironic
4094,,,NEU,not ironic
4095,,,NEU,not ironic
4096,,,NEU,not ironic
4097,,,NEU,not ironic
4098,,,NEU,not ironic
4099,,,NEU,not ironic
4100,,,NEU,not ironic
4101,,,NEU,not ironic
4102,,,NEU,not ironic
4103,,,NEU,not ironic
4104,,,NEU,not ironic
4105,,,NEU,not ironic
4106,,,NEU,not ironic
4107,,,NEU,not ironic
4108,,,NEU,not ironic
4109,,,NEU,not ironic
4110,,,NEU,not ironic
4111,,,NEU,not ironic
4112,,,NEU,not ironic
4113,,,NEU,not ironic
4114,,,NEU,not ironic
4115,,,NEU,not ironic
4116,,,NEU,not ironic
4117,,,NEU,not ironic
4118,,,NEU,not ironic
4119,,,NEU,not ironic
4120,,,NEU,not ironic
4121,,,NEU,not ironic
4122,,,NEU,not ironic
4123,,,NEU,not ironic
4124,,,NEU,not ironic
4125,,,NEU,not ironic
4126,,,NEU,not ironic
4127,,,NEU,not ironic
4128,,,NEU,not ironic
4129,,,NEU,not ironic
4130,,,NEU,not ironic
4131,,,NEU,not ironic
4132,,,NEU,not ironic
4133,,,NEU,not ironic
4134,,,NEU,not ironic
4135,,,NEU,not ironic
4136,,,NEU,not ironic
4137,,,NEU,not ironic
4138,,,NEU,not ironic
4139,,,NEU,not ironic
4140,,,NEU,not ironic
4141,,,NEU,not ironic
4142,,,NEU,not ironic
4143,,,NEU,not ironic
4144,,,NEU,not ironic
4145,,,NEU,not ironic
4146,,,NEU,not ironic
4147,,,NEU,not ironic
4148,,,NEU,not ironic
4149,,,NEU,not ironic
4150,,,NEU,not ironic
4151,,,NEU,not ironic
4152,,,NEU,not ironic
4153,,,NEU,not ironic
4154,,,NEU,not ironic
4155,,,NEU,not ironic
4156,,,NEU,not ironic
4157,,,NEU,not ironic
4158,,,NEU,not ironic
4159,,,NEU,not ironic
4160,,,NEU,not ironic
4161,,,NEU,not ironic
4162,,,NEU,not ironic
4163,,,NEU,not ironic
4164,,,NEU,not ironic
4165,,,NEU,not ironic
4166,,,NEU,not ironic
4167,,,NEU,not ironic
4168,,,NEU,not ironic
4169,,,NEU,not ironic
4170,,,NEU,not ironic
4171,,,NEU,not ironic
4172,,,NEU,not ironic
4173,,,NEU,not ironic
4174,,,NEU,not ironic
4175,,,NEU,not ironic
4176,,,NEU,not ironic
4177,,,NEU,not ironic
4178,,,NEU,not ironic
4179,,,NEU,not ironic
4180,,,NEU,not ironic
4181,,,NEU,not ironic
4182,,,NEU,not ironic
4183,,,NEU,not ironic
4184,,,NEU,not ironic
4185,,,NEU,not ironic
4186,,,NEU,not ironic
4187,,,NEU,not ironic
4188,,,NEU,not ironic
4189,,,NEU,not ironic
4190,,,NEU,not ironic
4191,,,NEU,not ironic
4192,,,NEU,not ironic
4193,,,NEU,not ironic
4194,,,NEU,not ironic
4195,,,NEU,not ironic
4196,,,NEU,not ironic
4197,,,NEU,not ironic
4198,,,NEU,not ironic
4199,,,NEU,not ironic
4200,,,NEU,not ironic
4201,,,NEU,not ironic
4202,,,NEU,not ironic
4203,,,NEU,not ironic
4204,,,NEU,not ironic
4205,,,NEU,not ironic
4206,,,NEU,not ironic
4207,,,NEU,not ironic
4208,,,NEU,not ironic
4209,,,NEU,not ironic
4210,,,NEU,not ironic
4211,,,NEU,not ironic
4212,,,NEU,not ironic
4213,,,NEU,not ironic
4214,,,NEU,not ironic
4215,,,NEU,not ironic
4216,,,NEU,not ironic
4217,,,NEU,not ironic
4218,,,NEU,not ironic
4219,,,NEU,not ironic
4220,,,NEU,not ironic
4221,,,NEU,not ironic
4222,,,NEU,not ironic
4223,,,NEU,not ironic
4224,,,NEU,not ironic
4225,,,NEU,not ironic
4226,,,NEU,not ironic
4227,,,NEU,not ironic
4228,,,NEU,not ironic
4229,,,NEU,not ironic
4230,,,NEU,not ironic
4231,,,NEU,not ironic
4232,,,NEU,not ironic
4233,,,NEU,not ironic
4234,,,NEU,not ironic
4235,,,NEU,not ironic
4236,,,NEU,not ironic
4237,,,NEU,not ironic
4238,,,NEU,not ironic
4239,,,NEU,not ironic
4240,,,NEU,not ironic
4241,,,NEU,not ironic
4242,,,NEU,not ironic
4243,,,NEU,not ironic
4244,,,NEU,not ironic
4245,,,NEU,not ironic
4246,,,NEU,not ironic
4247,,,NEU,not ironic
4248,,,NEU,not ironic
4249,,,NEU,not ironic
4250,,,NEU,not ironic
4251,,,NEU,not ironic
4252,,,NEU,not ironic
4253,,,NEU,not ironic
4254,,,NEU,not ironic
4255,,,NEU,not ironic
4256,,,NEU,not ironic
4257,,,NEU,not ironic
4258,,,NEU,not ironic
4259,,,NEU,not ironic
4260,,,NEU,not ironic
4261,,,NEU,not ironic
4262,,,NEU,not ironic
4263,,,NEU,not ironic
4264,,,NEU,not ironic
4265,,,NEU,not ironic
4266,,,NEU,not ironic
4267,,,NEU,not ironic
4268,,,NEU,not ironic
4269,,,NEU,not ironic
4270,,,NEU,not ironic
4271,,,NEU,not ironic
4272,,,NEU,not ironic
4273,,,NEU,not ironic
4274,,,NEU,not ironic
4275,,,NEU,not ironic
4276,,,NEU,not ironic
4277,,,NEU,not ironic
4278,,,NEU,not ironic
4279,,,NEU,not ironic
4280,,,NEU,not ironic
4281,,,NEU,not ironic
4282,,,NEU,not ironic
4283,,,NEU,not ironic
4284,,,NEU,not ironic
4285,,,NEU,not ironic
4286,,,NEU,not ironic
4287,,,NEU,not ironic
4288,,,NEU,not ironic
4289,,,NEU,not ironic
4290,,,NEU,not ironic
4291,,,NEU,not ironic
4292,,,NEU,not ironic
4293,,,NEU,not ironic
4294,,,NEU,not ironic
4295,,,NEU,not ironic
4296,,,NEU,not ironic
4297,,,NEU,not ironic
4298,,,NEU,not ironic
4299,,,NEU,not ironic
4300,,,NEU,not ironic
4301,,,NEU,not ironic
4302,,,NEU,not ironic
4303,,,NEU,not ironic
4304,,,NEU,not ironic
4305,,,NEU,not ironic
4306,,,NEU,not ironic
4307,,,NEU,not ironic
4308,,,NEU,not ironic
4309,,,NEU,not ironic
4310,,,NEU,not ironic
4311,,,NEU,not ironic
4312,,,NEU,not ironic
4313,,,NEU,not ironic
4314,,,NEU,not ironic
4315,,,NEU,not ironic
4316,,,NEU,not ironic
4317,,,NEU,not ironic
4318,,,NEU,not ironic
4319,,,NEU,not ironic
4320,,,NEU,not ironic
4321,,,NEU,not ironic
4322,,,NEU,not ironic
4323,,,NEU,not ironic
4324,,,NEU,not ironic
4325,,,NEU,not ironic
4326,,,NEU,not ironic
4327,,,NEU,not ironic
4328,,,NEU,not ironic
4329,,,NEU,not ironic
4330,,,NEU,not ironic
4331,,,NEU,not ironic
4332,,,NEU,not ironic
4333,,,NEU,not ironic
4334,,,NEU,not ironic
4335,,,NEU,not ironic
4336,,,NEU,not ironic
4337,,,NEU,not ironic
4338,,,NEU,not ironic
4339,,,NEU,not ironic
4340,,,NEU,not ironic
4341,,,NEU,not ironic
4342,,,NEU,not ironic
4343,,,NEU,not ironic
4344,,,NEU,not ironic
4345,,,NEU,not ironic
4346,,,NEU,not ironic
4347,,,NEU,not ironic
4348,,,NEU,not ironic
4349,,,NEU,not ironic
4350,,,NEU,not ironic
4351,,,NEU,not ironic
4352,,,NEU,not ironic
4353,,,NEU,not ironic
4354,,,NEU,not ironic
4355,,,NEU,not ironic
4356,,,NEU,not ironic
4357,,,NEU,not ironic
4358,,,NEU,not ironic
4359,,,NEU,not ironic
4360,,,NEU,not ironic
4361,,,NEU,not ironic
4362,,,NEU,not ironic
4363,,,NEU,not ironic
4364,,,NEU,not ironic
4365,,,NEU,not ironic
4366,,,NEU,not ironic
4367,,,NEU,not ironic
4368,,,NEU,not ironic
4369,,,NEU,not ironic
4370,,,NEU,not ironic
4371,,,NEU,not ironic
4372,,,NEU,not ironic
4373,,,NEU,not ironic
4374,,,NEU,not ironic
4375,,,NEU,not ironic
4376,,,NEU,not ironic
4377,,,NEU,not ironic
4378,,,NEU,not ironic
4379,,,NEU,not ironic
4380,,,NEU,not ironic
4381,,,NEU,not ironic
4382,,,NEU,not ironic
4383,,,NEU,not ironic
4384,,,NEU,not ironic
4385,,,NEU,not ironic
4386,,,NEU,not ironic
4387,,,NEU,not ironic
4388,,,NEU,not ironic
4389,,,NEU,not ironic
4390,,,NEU,not ironic
4391,,,NEU,not ironic
4392,,,NEU,not ironic
4393,,,NEU,not ironic
4394,,,NEU,not ironic
4395,,,NEU,not ironic
4396,,,NEU,not ironic
4397,,,NEU,not ironic
4398,,,NEU,not ironic
4399,,,NEU,not ironic
4400,,,NEU,not ironic
4401,,,NEU,not ironic
4402,,,NEU,not ironic
4403,,,NEU,not ironic
4404,,,NEU,not ironic
4405,,,NEU,not ironic
4406,,,NEU,not ironic
4407,,,NEU,not ironic
4408,,,NEU,not ironic
4409,,,NEU,not ironic
4410,,,NEU,not ironic
4411,,,NEU,not ironic
4412,,,NEU,not ironic
4413,,,NEU,not ironic
4414,,,NEU,not ironic
4415,,,NEU,not ironic
4416,,,NEU,not ironic
4417,,,NEU,not ironic
4418,,,NEU,not ironic
4419,,,NEU,not ironic
4420,,,NEU,not ironic
4421,,,NEU,not ironic
4422,,,NEU,not ironic
4423,,,NEU,not ironic
4424,,,NEU,not ironic
4425,,,NEU,not ironic
4426,,,NEU,not ironic
4427,,,NEU,not ironic
4428,,,NEU,not ironic
4429,,,NEU,not ironic
4430,,,NEU,not ironic
4431,,,NEU,not ironic
4432,,,NEU,not ironic
4433,,,NEU,not ironic
4434,,,NEU,not ironic
4435,,,NEU,not ironic
4436,,,NEU,not ironic
4437,,,NEU,not ironic
4438,,,NEU,not ironic
4439,,,NEU,not ironic
4440,,,NEU,not ironic
4441,,,NEU,not ironic
4442,,,NEU,not ironic
4443,,,NEU,not ironic
4444,,,NEU,not ironic
4445,,,NEU,not ironic
4446,,,NEU,not ironic
4447,,,NEU,not ironic
4448,,,NEU,not ironic
4449,,,NEU,not ironic
4450,,,NEU,not ironic
4451,,,NEU,not ironic
4452,,,NEU,not ironic
4453,,,NEU,not ironic
4454,,,NEU,not ironic
4455,,,NEU,not ironic
4456,,,NEU,not ironic
4457,,,NEU,not ironic
4458,,,NEU,not ironic
4459,,,NEU,not ironic
4460,,,NEU,not ironic
4461,,,NEU,not ironic
4462,,,NEU,not ironic
4463,,,NEU,not ironic
4464,,,NEU,not ironic
4465,,,NEU,not ironic
4466,,,NEU,not ironic
4467,,,NEU,not ironic
4468,,,NEU,not ironic
4469,,,NEU,not ironic
4470,,,NEU,not ironic
4471,,,NEU,not ironic
4472,,,NEU,not ironic
4473,,,NEU,not ironic
4474,,,NEU,not ironic
4475,,,NEU,not ironic
4476,,,NEU,not ironic
4477,,,NEU,not ironic
4478,,,NEU,not ironic
4479,,,NEU,not ironic
4480,,,NEU,not ironic
4481,,,NEU,not ironic
4482,,,NEU,not ironic
4483,,,NEU,not ironic
4484,,,NEU,not ironic
4485,,,NEU,not ironic
4486,,,NEU,not ironic
4487,,,NEU,not ironic
4488,,,NEU,not ironic
4489,,,NEU,not ironic
4490,,,NEU,not ironic
4491,,,NEU,not ironic
4492,,,NEU,not ironic
4493,,,NEU,not ironic
4494,,,NEU,not ironic
4495,,,NEU,not ironic
4496,,,NEU,not ironic
4497,,,NEU,not ironic
4498,,,NEU,not ironic
4499,,,NEU,not ironic
4500,,,NEU,not ironic
4501,,,NEU,not ironic
4502,,,NEU,not ironic
4503,,,NEU,not ironic
4504,,,NEU,not ironic
4505,,,NEU,not ironic
4506,,,NEU,not ironic
4507,,,NEU,not ironic
4508,,,NEU,not ironic
4509,,,NEU,not ironic
4510,,,NEU,not ironic
4511,,,NEU,not ironic
4512,,,NEU,not ironic
4513,,,NEU,not ironic
4514,,,NEU,not ironic
4515,,,NEU,not ironic
4516,,,NEU,not ironic
4517,,,NEU,not ironic
4518,,,NEU,not ironic
4519,,,NEU,not ironic
4520,,,NEU,not ironic
4521,,,NEU,not ironic
4522,,,NEU,not ironic
4523,,,NEU,not ironic
4524,,,NEU,not ironic
4525,,,NEU,not ironic
4526,,,NEU,not ironic
4527,,,NEU,not ironic
4528,,,NEU,not ironic
4529,,,NEU,not ironic
4530,,,NEU,not ironic
4531,,,NEU,not ironic
4532,,,NEU,not ironic
4533,,,NEU,not ironic
4534,,,NEU,not ironic
4535,,,NEU,not ironic
4536,,,NEU,not ironic
4537,,,NEU,not ironic
4538,,,NEU,not ironic
4539,,,NEU,not ironic
4540,,,NEU,not ironic
4541,,,NEU,not ironic
4542,,,NEU,not ironic
4543,,,NEU,not ironic
