week_start,top_topics
2024-06-01,"[(-1, np.float32(0.44840002)), (8, np.float32(0.44655704)), (46, np.float32(0.43866628)), (15, np.float32(0.4289126)), (75, np.float32(0.41384768)), (0, np.float32(0.4126786)), (56, np.float32(0.4083236)), (65, np.float32(0.4056491)), (40, np.float32(0.39639622)), (28, np.float32(0.39498934)), (16, np.float32(0.386748)), (17, np.float32(0.38361263)), (52, np.float32(0.37938905)), (29, np.float32(0.3781228)), (50, np.float32(0.36165452)), (76, np.float32(0.35937533)), (13, np.float32(0.35666436)), (74, np.float32(0.34594277)), (37, np.float32(0.3431514)), (38, np.float32(0.34273982)), (57, np.float32(0.3423461)), (11, np.float32(0.34129405)), (12, np.float32(0.3407398)), (67, np.float32(0.33884043)), (68, np.float32(0.33638072)), (45, np.float32(0.3289405)), (62, np.float32(0.3265592)), (3, np.float32(0.32623774)), (4, np.float32(0.3238662)), (34, np.float32(0.3227944)), (42, np.float32(0.32256383)), (1, np.float32(0.31677365)), (48, np.float32(0.31540912)), (7, np.float32(0.31087458)), (43, np.float32(0.30773246)), (70, np.float32(0.30533955)), (54, np.float32(0.2996477)), (9, np.float32(0.2947167)), (71, np.float32(0.29439932)), (26, np.float32(0.29215932)), (77, np.float32(0.29175732)), (81, np.float32(0.2860678)), (78, np.float32(0.285343)), (84, np.float32(0.27851307)), (83, np.float32(0.27780658)), (55, np.float32(0.2769448)), (19, np.float32(0.27160737)), (21, np.float32(0.26919374)), (23, np.float32(0.26777315)), (14, np.float32(0.26572347)), (5, np.float32(0.26395142)), (2, np.float32(0.2630137)), (49, np.float32(0.25521708)), (24, np.float32(0.2551589)), (6, np.float32(0.25313714)), (32, np.float32(0.25236902)), (41, np.float32(0.25131932)), (10, np.float32(0.24976604)), (36, np.float32(0.24874477)), (51, np.float32(0.24521954)), (25, np.float32(0.24466674)), (31, np.float32(0.24309824)), (22, np.float32(0.23971853)), (35, np.float32(0.23969403)), (79, np.float32(0.23956919)), (72, np.float32(0.2357502)), (63, np.float32(0.2339986)), (33, np.float32(0.23145935)), (53, np.float32(0.2275615)), (61, np.float32(0.2254515)), (58, np.float32(0.21657571)), (73, np.float32(0.21601236)), (18, np.float32(0.21387762)), (64, np.float32(0.21013497)), (66, np.float32(0.20927198)), (30, np.float32(0.20626466)), (47, np.float32(0.19528133)), (60, np.float32(0.19198796)), (59, np.float32(0.18993746)), (82, np.float32(0.18308303)), (69, np.float32(0.16485654)), (80, np.float32(0.13681814)), (44, np.float32(0.13538207)), (27, np.float32(0.109241046)), (20, np.float32(0.081428885)), (39, np.float32(0.03416735))]"
2024-06-08,"[(18, np.float32(0.39172775)), (0, np.float32(0.38405704)), (45, np.float32(0.37738466)), (43, np.float32(0.37376198)), (55, np.float32(0.37142327)), (9, np.float32(0.36229554)), (-1, np.float32(0.36101377)), (38, np.float32(0.33191434)), (58, np.float32(0.32416183)), (22, np.float32(0.3233141)), (1, np.float32(0.31825444)), (7, np.float32(0.3047719)), (74, np.float32(0.29319426)), (5, np.float32(0.28838786)), (78, np.float32(0.28837794)), (16, np.float32(0.2865309)), (48, np.float32(0.2848326)), (4, np.float32(0.28449127)), (26, np.float32(0.28284684)), (17, np.float32(0.26857743)), (3, np.float32(0.26856202)), (41, np.float32(0.2659273)), (13, np.float32(0.25900486)), (81, np.float32(0.25681108)), (56, np.float32(0.255339)), (53, np.float32(0.25377128)), (33, np.float32(0.24844578)), (19, np.float32(0.24790816)), (71, np.float32(0.245246)), (51, np.float32(0.24301833)), (12, np.float32(0.24027096)), (35, np.float32(0.23991996)), (15, np.float32(0.23873839)), (62, np.float32(0.23697089)), (24, np.float32(0.23564348)), (8, np.float32(0.2356056)), (46, np.float32(0.23517351)), (42, np.float32(0.23176646)), (11, np.float32(0.22900799)), (14, np.float32(0.22820902)), (30, np.float32(0.22779346)), (69, np.float32(0.22635636)), (75, np.float32(0.22389795)), (47, np.float32(0.22330585)), (82, np.float32(0.21644078)), (28, np.float32(0.21573025)), (21, np.float32(0.2137154)), (54, np.float32(0.21316952)), (65, np.float32(0.20851602)), (76, np.float32(0.20756148)), (50, np.float32(0.20748891)), (10, np.float32(0.20623824)), (80, np.float32(0.20493019)), (6, np.float32(0.20386821)), (49, np.float32(0.20381534)), (73, np.float32(0.2019467)), (70, np.float32(0.2013448)), (25, np.float32(0.1929313)), (72, np.float32(0.18890852)), (60, np.float32(0.1869233)), (37, np.float32(0.18429612)), (36, np.float32(0.18415518)), (59, np.float32(0.18031919)), (57, np.float32(0.18003753)), (79, np.float32(0.17706466)), (34, np.float32(0.17178497)), (29, np.float32(0.16962132)), (84, np.float32(0.16841564)), (44, np.float32(0.16579366)), (83, np.float32(0.15916508)), (64, np.float32(0.15782672)), (77, np.float32(0.15577197)), (68, np.float32(0.15425809)), (31, np.float32(0.15137736)), (52, np.float32(0.14999396)), (63, np.float32(0.14681965)), (61, np.float32(0.14395949)), (2, np.float32(0.14237818)), (32, np.float32(0.13321158)), (40, np.float32(0.12871383)), (66, np.float32(0.121183604)), (67, np.float32(0.115126)), (20, np.float32(0.1013394)), (23, np.float32(0.090635076)), (39, np.float32(0.07554418)), (27, np.float32(0.045797735))]"
2024-06-15,"[(4, np.float32(0.4838544)), (55, np.float32(0.42331558)), (36, np.float32(0.412639)), (28, np.float32(0.4021896)), (24, np.float32(0.38353953)), (74, np.float32(0.3734311)), (32, np.float32(0.3730391)), (-1, np.float32(0.37266892)), (1, np.float32(0.36930507)), (0, np.float32(0.36930478)), (79, np.float32(0.3539616)), (26, np.float32(0.35010338)), (56, np.float32(0.347168)), (41, np.float32(0.3437404)), (35, np.float32(0.33393794)), (19, np.float32(0.3325494)), (77, np.float32(0.3201595)), (16, np.float32(0.31549042)), (52, np.float32(0.30913275)), (40, np.float32(0.30764836)), (43, np.float32(0.30749223)), (65, np.float32(0.30707067)), (11, np.float32(0.30684042)), (15, np.float32(0.30586037)), (17, np.float32(0.30522528)), (81, np.float32(0.30185086)), (14, np.float32(0.29381758)), (75, np.float32(0.29201472)), (7, np.float32(0.2915603)), (71, np.float32(0.28979167)), (53, np.float32(0.2882256)), (70, np.float32(0.28453368)), (38, np.float32(0.2802262)), (13, np.float32(0.27711985)), (29, np.float32(0.27677917)), (78, np.float32(0.27340177)), (8, np.float32(0.27264118)), (58, np.float32(0.268216)), (51, np.float32(0.26637805)), (21, np.float32(0.26551723)), (72, np.float32(0.26472682)), (57, np.float32(0.25804546)), (50, np.float32(0.252588)), (37, np.float32(0.24908744)), (12, np.float32(0.24246716)), (9, np.float32(0.24244224)), (3, np.float32(0.23784953)), (42, np.float32(0.23540938)), (10, np.float32(0.23379047)), (2, np.float32(0.22734928)), (68, np.float32(0.22729486)), (62, np.float32(0.2217477)), (76, np.float32(0.2155609)), (45, np.float32(0.2123071)), (49, np.float32(0.20800251)), (66, np.float32(0.20682701)), (84, np.float32(0.20603055)), (73, np.float32(0.20573404)), (18, np.float32(0.20463559)), (83, np.float32(0.20095299)), (34, np.float32(0.19166446)), (48, np.float32(0.19153029)), (64, np.float32(0.18912007)), (59, np.float32(0.18754056)), (6, np.float32(0.18419197)), (46, np.float32(0.18396774)), (30, np.float32(0.18134332)), (63, np.float32(0.17952307)), (20, np.float32(0.17419542)), (25, np.float32(0.17334707)), (33, np.float32(0.17045927)), (47, np.float32(0.16169637)), (5, np.float32(0.15851478)), (23, np.float32(0.15461493)), (54, np.float32(0.15072198)), (60, np.float32(0.15006)), (31, np.float32(0.14945886)), (80, np.float32(0.14572775)), (61, np.float32(0.1410671)), (39, np.float32(0.13001065)), (82, np.float32(0.12782252)), (44, np.float32(0.1178035)), (67, np.float32(0.10961018)), (22, np.float32(0.099114716)), (69, np.float32(0.08195934)), (27, np.float32(0.04526924))]"
2024-06-22,"[(55, np.float32(0.4049446)), (74, np.float32(0.37382054)), (78, np.float32(0.3566143)), (56, np.float32(0.33801)), (38, np.float32(0.33212936)), (18, np.float32(0.32666254)), (0, np.float32(0.32033247)), (35, np.float32(0.31786138)), (43, np.float32(0.29909164)), (-1, np.float32(0.29844177)), (3, np.float32(0.29614305)), (16, np.float32(0.292992)), (9, np.float32(0.28370124)), (17, np.float32(0.27299762)), (1, np.float32(0.26834783)), (26, np.float32(0.2611022)), (57, np.float32(0.2562104)), (7, np.float32(0.24455601)), (34, np.float32(0.24310583)), (48, np.float32(0.23440295)), (79, np.float32(0.23406114)), (58, np.float32(0.23396568)), (6, np.float32(0.22569174)), (59, np.float32(0.22525275)), (12, np.float32(0.2239005)), (8, np.float32(0.22326274)), (11, np.float32(0.22049591)), (19, np.float32(0.22011726)), (15, np.float32(0.22006412)), (70, np.float32(0.21779403)), (53, np.float32(0.21130662)), (5, np.float32(0.21013151)), (50, np.float32(0.2098736)), (47, np.float32(0.20886391)), (22, np.float32(0.20827533)), (2, np.float32(0.20710874)), (65, np.float32(0.20617169)), (41, np.float32(0.19986561)), (75, np.float32(0.19386728)), (29, np.float32(0.19281441)), (32, np.float32(0.19102517)), (45, np.float32(0.1876666)), (14, np.float32(0.18650527)), (51, np.float32(0.1861678)), (24, np.float32(0.17935275)), (52, np.float32(0.17643937)), (21, np.float32(0.17449062)), (68, np.float32(0.1740348)), (62, np.float32(0.17294897)), (33, np.float32(0.17033866)), (81, np.float32(0.16391526)), (10, np.float32(0.16307433)), (83, np.float32(0.15905604)), (30, np.float32(0.15740351)), (13, np.float32(0.1539745)), (25, np.float32(0.15268026)), (54, np.float32(0.1524568)), (71, np.float32(0.1521495)), (28, np.float32(0.15192962)), (46, np.float32(0.15175396)), (4, np.float32(0.15076913)), (36, np.float32(0.14829007)), (49, np.float32(0.14683846)), (76, np.float32(0.14028734)), (77, np.float32(0.1392071)), (84, np.float32(0.13456634)), (63, np.float32(0.13143708)), (31, np.float32(0.13134058)), (64, np.float32(0.1272617)), (40, np.float32(0.12581684)), (42, np.float32(0.12353806)), (80, np.float32(0.12256492)), (72, np.float32(0.120224856)), (69, np.float32(0.1194749)), (39, np.float32(0.11701452)), (67, np.float32(0.11247458)), (37, np.float32(0.11117139)), (66, np.float32(0.110176444)), (23, np.float32(0.10114722)), (73, np.float32(0.100624844)), (60, np.float32(0.09703616)), (20, np.float32(0.08981888)), (61, np.float32(0.08119411)), (82, np.float32(0.06984109)), (27, np.float32(0.05917192)), (44, np.float32(0.032710183))]"
2024-06-29,"[(0, np.float32(0.5493291)), (-1, np.float32(0.5300395)), (5, np.float32(0.50609964)), (9, np.float32(0.4666998)), (55, np.float32(0.44604415)), (60, np.float32(0.44541427)), (4, np.float32(0.4417609)), (18, np.float32(0.43414235)), (72, np.float32(0.43145648)), (31, np.float32(0.4254058)), (1, np.float32(0.4241581)), (33, np.float32(0.42125112)), (25, np.float32(0.4091926)), (10, np.float32(0.40506017)), (47, np.float32(0.39792812)), (52, np.float32(0.3898478)), (42, np.float32(0.38907695)), (8, np.float32(0.3836162)), (48, np.float32(0.38182378)), (38, np.float32(0.38128966)), (59, np.float32(0.3795601)), (62, np.float32(0.37721616)), (16, np.float32(0.37382713)), (26, np.float32(0.37065196)), (37, np.float32(0.36811355)), (78, np.float32(0.36379108)), (63, np.float32(0.36244246)), (21, np.float32(0.36229283)), (80, np.float32(0.35974398)), (76, np.float32(0.35823253)), (51, np.float32(0.35764867)), (22, np.float32(0.3528185)), (30, np.float32(0.35260314)), (49, np.float32(0.35190505)), (69, np.float32(0.35095194)), (77, np.float32(0.34802863)), (54, np.float32(0.34616208)), (53, np.float32(0.34568977)), (74, np.float32(0.34495574)), (3, np.float32(0.34332147)), (70, np.float32(0.3383637)), (50, np.float32(0.3366936)), (58, np.float32(0.33017284)), (35, np.float32(0.33005798)), (7, np.float32(0.3286214)), (19, np.float32(0.32834464)), (46, np.float32(0.32723415)), (34, np.float32(0.3210617)), (28, np.float32(0.31887895)), (84, np.float32(0.316594)), (73, np.float32(0.31621376)), (82, np.float32(0.31422415)), (56, np.float32(0.3138767)), (79, np.float32(0.31339136)), (45, np.float32(0.3084464)), (75, np.float32(0.30163917)), (11, np.float32(0.29937738)), (6, np.float32(0.29477724)), (43, np.float32(0.29356894)), (65, np.float32(0.29125845)), (15, np.float32(0.28502122)), (67, np.float32(0.28171626)), (29, np.float32(0.275887)), (2, np.float32(0.27579713)), (83, np.float32(0.2741812)), (36, np.float32(0.269324)), (81, np.float32(0.26559955)), (57, np.float32(0.2643766)), (14, np.float32(0.26402873)), (24, np.float32(0.2638807)), (12, np.float32(0.26194686)), (13, np.float32(0.26093674)), (23, np.float32(0.2563554)), (66, np.float32(0.2509015)), (71, np.float32(0.24554756)), (41, np.float32(0.24418545)), (17, np.float32(0.22457096)), (40, np.float32(0.2241185)), (32, np.float32(0.22291303)), (61, np.float32(0.22268969)), (68, np.float32(0.22126015)), (64, np.float32(0.18449855)), (20, np.float32(0.12150572)), (39, np.float32(0.09644376)), (44, np.float32(0.086967096)), (27, np.float32(0.032662))]"
2024-07-06,"[(45, np.float32(0.7129389)), (-1, np.float32(0.6042939)), (0, np.float32(0.59462225)), (12, np.float32(0.5584638)), (9, np.float32(0.5385099)), (1, np.float32(0.520349)), (16, np.float32(0.51942277)), (55, np.float32(0.5110228)), (74, np.float32(0.50629294)), (15, np.float32(0.49462387)), (17, np.float32(0.48779187)), (8, np.float32(0.48294783)), (50, np.float32(0.4786852)), (46, np.float32(0.47427252)), (28, np.float32(0.4729233)), (5, np.float32(0.4654191)), (38, np.float32(0.46338964)), (4, np.float32(0.46207944)), (49, np.float32(0.45669013)), (2, np.float32(0.45599288)), (3, np.float32(0.45161763)), (6, np.float32(0.44682485)), (52, np.float32(0.44679087)), (72, np.float32(0.44607753)), (13, np.float32(0.43965948)), (40, np.float32(0.4358742)), (14, np.float32(0.4356861)), (10, np.float32(0.43270585)), (19, np.float32(0.428837)), (76, np.float32(0.42292884)), (56, np.float32(0.41788483)), (43, np.float32(0.4168555)), (7, np.float32(0.4153702)), (77, np.float32(0.4148395)), (37, np.float32(0.41294923)), (33, np.float32(0.41167033)), (48, np.float32(0.41030753)), (21, np.float32(0.40924567)), (18, np.float32(0.40752852)), (47, np.float32(0.4046197)), (59, np.float32(0.39570493)), (11, np.float32(0.39539233)), (35, np.float32(0.3952775)), (73, np.float32(0.39393115)), (26, np.float32(0.3932787)), (62, np.float32(0.39271438)), (78, np.float32(0.3893543)), (31, np.float32(0.38606536)), (25, np.float32(0.38560137)), (51, np.float32(0.38539428)), (42, np.float32(0.38413352)), (60, np.float32(0.38405764)), (70, np.float32(0.38346094)), (79, np.float32(0.3832697)), (29, np.float32(0.38316518)), (30, np.float32(0.38225824)), (54, np.float32(0.37846524)), (67, np.float32(0.37553594)), (58, np.float32(0.37513107)), (75, np.float32(0.37215608)), (24, np.float32(0.37125376)), (34, np.float32(0.36407942)), (66, np.float32(0.3637351)), (65, np.float32(0.35690302)), (83, np.float32(0.35657722)), (84, np.float32(0.34555995)), (63, np.float32(0.34500116)), (22, np.float32(0.34479398)), (69, np.float32(0.34015346)), (36, np.float32(0.33944592)), (71, np.float32(0.3364494)), (68, np.float32(0.33100805)), (80, np.float32(0.33074105)), (82, np.float32(0.32838717)), (57, np.float32(0.31511772)), (81, np.float32(0.31300458)), (41, np.float32(0.30595112)), (61, np.float32(0.2961561)), (23, np.float32(0.2941146)), (53, np.float32(0.2934456)), (32, np.float32(0.2824468)), (64, np.float32(0.26422277)), (44, np.float32(0.22151235)), (39, np.float32(0.21928558)), (20, np.float32(0.19062492)), (27, np.float32(0.0723587))]"
2024-07-13,"[(8, np.float32(0.5972239)), (46, np.float32(0.58462334)), (45, np.float32(0.5793766)), (76, np.float32(0.5389693)), (50, np.float32(0.47555143)), (31, np.float32(0.44633082)), (-1, np.float32(0.4413935)), (0, np.float32(0.4330033)), (63, np.float32(0.4206382)), (17, np.float32(0.41521072)), (12, np.float32(0.40614182)), (15, np.float32(0.39772424)), (48, np.float32(0.39135602)), (40, np.float32(0.37330118)), (13, np.float32(0.36793423)), (34, np.float32(0.3512512)), (54, np.float32(0.34825313)), (1, np.float32(0.3321803)), (43, np.float32(0.33119446)), (28, np.float32(0.32542732)), (83, np.float32(0.3188306)), (56, np.float32(0.31268248)), (67, np.float32(0.30435157)), (9, np.float32(0.3038454)), (10, np.float32(0.301477)), (79, np.float32(0.2998274)), (47, np.float32(0.29926687)), (37, np.float32(0.29794115)), (4, np.float32(0.29057038)), (7, np.float32(0.28513977)), (51, np.float32(0.2827495)), (16, np.float32(0.281015)), (5, np.float32(0.2790693)), (35, np.float32(0.27599034)), (3, np.float32(0.2753396)), (33, np.float32(0.26833928)), (19, np.float32(0.2683155)), (52, np.float32(0.26702127)), (75, np.float32(0.26655483)), (38, np.float32(0.26365554)), (77, np.float32(0.26199564)), (26, np.float32(0.2589325)), (73, np.float32(0.25772867)), (65, np.float32(0.25655946)), (25, np.float32(0.25610095)), (11, np.float32(0.25606555)), (6, np.float32(0.25427574)), (42, np.float32(0.24789935)), (66, np.float32(0.24762179)), (2, np.float32(0.24738503)), (30, np.float32(0.24008828)), (18, np.float32(0.23853463)), (81, np.float32(0.23553398)), (60, np.float32(0.23277539)), (49, np.float32(0.23126145)), (21, np.float32(0.22966674)), (74, np.float32(0.22730295)), (14, np.float32(0.22670543)), (23, np.float32(0.22418186)), (69, np.float32(0.2236296)), (72, np.float32(0.22329041)), (62, np.float32(0.2228992)), (53, np.float32(0.22064073)), (59, np.float32(0.21817489)), (78, np.float32(0.21760398)), (29, np.float32(0.21175057)), (57, np.float32(0.21150938)), (68, np.float32(0.20812824)), (22, np.float32(0.2056199)), (80, np.float32(0.19670418)), (70, np.float32(0.19075704)), (24, np.float32(0.18606785)), (61, np.float32(0.17151725)), (44, np.float32(0.15901965)), (82, np.float32(0.15875584)), (32, np.float32(0.15450698)), (71, np.float32(0.15365167)), (55, np.float32(0.1375454)), (41, np.float32(0.13232154)), (84, np.float32(0.119561)), (36, np.float32(0.118223816)), (64, np.float32(0.10350988)), (58, np.float32(0.08777278)), (20, np.float32(0.07908814)), (27, np.float32(0.03605496)), (39, np.float32(-0.0007544141))]"
2024-07-20,"[(45, np.float32(0.50792944)), (8, np.float32(0.4338125)), (12, np.float32(0.424029)), (16, np.float32(0.40625218)), (68, np.float32(0.38196045)), (83, np.float32(0.37889)), (-1, np.float32(0.3784558)), (13, np.float32(0.3629558)), (0, np.float32(0.3627438)), (79, np.float32(0.35422188)), (1, np.float32(0.35355482)), (62, np.float32(0.3483076)), (40, np.float32(0.3477958)), (43, np.float32(0.34378794)), (19, np.float32(0.3361094)), (4, np.float32(0.32566094)), (77, np.float32(0.3225629)), (49, np.float32(0.31897533)), (66, np.float32(0.31263846)), (37, np.float32(0.3123391)), (50, np.float32(0.30793464)), (17, np.float32(0.30623406)), (76, np.float32(0.30187935)), (72, np.float32(0.2981927)), (57, np.float32(0.29620153)), (51, np.float32(0.29285252)), (71, np.float32(0.29121575)), (32, np.float32(0.28888533)), (6, np.float32(0.2876132)), (35, np.float32(0.28521383)), (29, np.float32(0.28448743)), (64, np.float32(0.28220907)), (11, np.float32(0.2795784)), (73, np.float32(0.27618656)), (24, np.float32(0.2752506)), (28, np.float32(0.27485567)), (15, np.float32(0.27176315)), (21, np.float32(0.2713725)), (7, np.float32(0.26625535)), (10, np.float32(0.2657086)), (3, np.float32(0.26299375)), (23, np.float32(0.26207832)), (74, np.float32(0.26022464)), (34, np.float32(0.2559778)), (56, np.float32(0.25207958)), (59, np.float32(0.24987313)), (20, np.float32(0.24916099)), (2, np.float32(0.24718167)), (31, np.float32(0.24652335)), (54, np.float32(0.24507888)), (47, np.float32(0.23639397)), (41, np.float32(0.23548722)), (48, np.float32(0.2349796)), (53, np.float32(0.23426276)), (42, np.float32(0.23103595)), (14, np.float32(0.23074539)), (61, np.float32(0.22929758)), (65, np.float32(0.22504298)), (9, np.float32(0.22154874)), (30, np.float32(0.22010931)), (63, np.float32(0.21951213)), (25, np.float32(0.21671328)), (46, np.float32(0.21583857)), (33, np.float32(0.21420439)), (18, np.float32(0.20960519)), (52, np.float32(0.20928705)), (36, np.float32(0.2083437)), (81, np.float32(0.20779063)), (75, np.float32(0.20764536)), (69, np.float32(0.2059328)), (26, np.float32(0.20321587)), (5, np.float32(0.2011545)), (55, np.float32(0.19938049)), (82, np.float32(0.18021135)), (38, np.float32(0.1796946)), (80, np.float32(0.17669082)), (84, np.float32(0.17460686)), (44, np.float32(0.1597518)), (22, np.float32(0.15920676)), (60, np.float32(0.15674934)), (27, np.float32(0.1557335)), (78, np.float32(0.15269586)), (58, np.float32(0.13712105)), (70, np.float32(0.10941927)), (39, np.float32(0.1033998)), (67, np.float32(0.089915425))]"
2024-07-27,"[(8, np.float32(0.6765387)), (-1, np.float32(0.5524193)), (0, np.float32(0.5398758)), (28, np.float32(0.52246386)), (76, np.float32(0.49415803)), (1, np.float32(0.47264415)), (74, np.float32(0.47188854)), (55, np.float32(0.46324885)), (15, np.float32(0.4512676)), (63, np.float32(0.44541168)), (50, np.float32(0.4426188)), (4, np.float32(0.44211203)), (56, np.float32(0.43874288)), (51, np.float32(0.436361)), (35, np.float32(0.43135092)), (17, np.float32(0.42834306)), (62, np.float32(0.42742854)), (43, np.float32(0.41921282)), (32, np.float32(0.41682416)), (48, np.float32(0.41365498)), (52, np.float32(0.41213864)), (16, np.float32(0.41105646)), (10, np.float32(0.40930778)), (19, np.float32(0.40677762)), (14, np.float32(0.40174103)), (75, np.float32(0.40100312)), (13, np.float32(0.39970237)), (33, np.float32(0.39970052)), (66, np.float32(0.39937347)), (5, np.float32(0.39858183)), (38, np.float32(0.39493924)), (26, np.float32(0.39064294)), (21, np.float32(0.38658968)), (25, np.float32(0.38465005)), (49, np.float32(0.3832449)), (79, np.float32(0.382122)), (53, np.float32(0.3803448)), (30, np.float32(0.37873012)), (37, np.float32(0.37299305)), (6, np.float32(0.37120187)), (7, np.float32(0.37071788)), (9, np.float32(0.36857826)), (2, np.float32(0.36696014)), (46, np.float32(0.3648392)), (36, np.float32(0.36128566)), (83, np.float32(0.35542524)), (82, np.float32(0.35500672)), (61, np.float32(0.35425603)), (45, np.float32(0.3524494)), (54, np.float32(0.35215145)), (84, np.float32(0.3468129)), (80, np.float32(0.3464294)), (65, np.float32(0.34426916)), (67, np.float32(0.3413087)), (29, np.float32(0.33925155)), (77, np.float32(0.33918512)), (31, np.float32(0.3383339)), (59, np.float32(0.33652446)), (42, np.float32(0.3302819)), (58, np.float32(0.3249594)), (47, np.float32(0.31919932)), (73, np.float32(0.31889683)), (23, np.float32(0.31610787)), (69, np.float32(0.3131034)), (34, np.float32(0.30392224)), (40, np.float32(0.30136698)), (60, np.float32(0.2981657)), (18, np.float32(0.29449558)), (72, np.float32(0.29317498)), (3, np.float32(0.29293287)), (71, np.float32(0.29118824)), (68, np.float32(0.27811944)), (24, np.float32(0.2724862)), (70, np.float32(0.27074152)), (12, np.float32(0.26973486)), (81, np.float32(0.2575642)), (41, np.float32(0.25711834)), (11, np.float32(0.2560296)), (22, np.float32(0.22314483)), (57, np.float32(0.21606576)), (44, np.float32(0.19615644)), (78, np.float32(0.19426443)), (20, np.float32(0.14220335)), (64, np.float32(0.11939311)), (39, np.float32(0.103003815)), (27, np.float32(0.005280066))]"
2024-08-03,"[(46, np.float32(0.45474416)), (14, np.float32(0.44867992)), (0, np.float32(0.36527002)), (-1, np.float32(0.35815433)), (15, np.float32(0.34628808)), (50, np.float32(0.34073877)), (28, np.float32(0.3404592)), (23, np.float32(0.34016162)), (44, np.float32(0.33338982)), (13, np.float32(0.3330021)), (45, np.float32(0.3239354)), (8, np.float32(0.3220873)), (49, np.float32(0.32198894)), (43, np.float32(0.31863028)), (67, np.float32(0.31222793)), (76, np.float32(0.3051088)), (63, np.float32(0.29722866)), (83, np.float32(0.29128355)), (51, np.float32(0.2839967)), (17, np.float32(0.2833665)), (66, np.float32(0.28239766)), (2, np.float32(0.28159243)), (5, np.float32(0.28033286)), (79, np.float32(0.26929897)), (1, np.float32(0.2682335)), (7, np.float32(0.26791894)), (4, np.float32(0.2662544)), (52, np.float32(0.26616788)), (10, np.float32(0.26611608)), (48, np.float32(0.2639922)), (6, np.float32(0.25852376)), (31, np.float32(0.25809824)), (42, np.float32(0.25782672)), (12, np.float32(0.2558397)), (82, np.float32(0.25348)), (75, np.float32(0.2400361)), (33, np.float32(0.23644769)), (56, np.float32(0.23512232)), (61, np.float32(0.23081964)), (59, np.float32(0.2308174)), (9, np.float32(0.22734162)), (69, np.float32(0.22676507)), (47, np.float32(0.22325325)), (73, np.float32(0.2220119)), (54, np.float32(0.22172181)), (70, np.float32(0.220399)), (21, np.float32(0.21889776)), (80, np.float32(0.21767916)), (38, np.float32(0.21282619)), (74, np.float32(0.21058258)), (19, np.float32(0.2099064)), (16, np.float32(0.20401952)), (35, np.float32(0.19589347)), (22, np.float32(0.1956484)), (18, np.float32(0.1887345)), (40, np.float32(0.18843827)), (25, np.float32(0.18428075)), (72, np.float32(0.18233217)), (84, np.float32(0.18148954)), (3, np.float32(0.18084675)), (26, np.float32(0.17602935)), (78, np.float32(0.17405395)), (30, np.float32(0.16898951)), (34, np.float32(0.1672318)), (32, np.float32(0.16594426)), (53, np.float32(0.1629664)), (55, np.float32(0.15686312)), (62, np.float32(0.15300426)), (77, np.float32(0.150742)), (11, np.float32(0.14602634)), (81, np.float32(0.14520636)), (60, np.float32(0.14432268)), (41, np.float32(0.14093919)), (65, np.float32(0.14089736)), (58, np.float32(0.13182116)), (29, np.float32(0.12915269)), (36, np.float32(0.12867895)), (39, np.float32(0.12700546)), (24, np.float32(0.11989433)), (68, np.float32(0.11696325)), (71, np.float32(0.115256816)), (37, np.float32(0.10444412)), (20, np.float32(0.09533981)), (57, np.float32(0.044843763)), (64, np.float32(0.043617666)), (27, np.float32(-0.07656337))]"
2024-08-10,"[(12, np.float32(0.5699321)), (45, np.float32(0.45522386)), (2, np.float32(0.33346504)), (9, np.float32(0.31569618)), (11, np.float32(0.3108207)), (55, np.float32(0.28365454)), (4, np.float32(0.2805024)), (38, np.float32(0.27430552)), (0, np.float32(0.27428472)), (21, np.float32(0.2727223)), (73, np.float32(0.270217)), (-1, np.float32(0.26498085)), (16, np.float32(0.25835046)), (35, np.float32(0.25709957)), (6, np.float32(0.25560474)), (26, np.float32(0.25267825)), (1, np.float32(0.25079155)), (18, np.float32(0.25048396)), (58, np.float32(0.23974743)), (78, np.float32(0.2326875)), (70, np.float32(0.23226176)), (36, np.float32(0.22726646)), (74, np.float32(0.22098951)), (20, np.float32(0.21870588)), (19, np.float32(0.21852198)), (79, np.float32(0.21494426)), (28, np.float32(0.21434216)), (83, np.float32(0.21410221)), (72, np.float32(0.21235427)), (3, np.float32(0.2095657)), (77, np.float32(0.20631957)), (64, np.float32(0.20470431)), (7, np.float32(0.2011345)), (34, np.float32(0.19849259)), (15, np.float32(0.19477546)), (24, np.float32(0.19294184)), (14, np.float32(0.19163193)), (41, np.float32(0.19097248)), (81, np.float32(0.18823019)), (10, np.float32(0.1862945)), (57, np.float32(0.17608836)), (13, np.float32(0.17493005)), (5, np.float32(0.17449126)), (49, np.float32(0.17426334)), (51, np.float32(0.17417467)), (37, np.float32(0.17164879)), (43, np.float32(0.16885108)), (29, np.float32(0.16532728)), (59, np.float32(0.16272134)), (47, np.float32(0.16219771)), (66, np.float32(0.16202238)), (56, np.float32(0.16182315)), (30, np.float32(0.15960884)), (62, np.float32(0.1535782)), (67, np.float32(0.1509636)), (50, np.float32(0.15070783)), (71, np.float32(0.14840287)), (42, np.float32(0.14195308)), (52, np.float32(0.1417818)), (8, np.float32(0.14061283)), (22, np.float32(0.13962914)), (39, np.float32(0.13613123)), (40, np.float32(0.13540924)), (75, np.float32(0.13444345)), (48, np.float32(0.13239369)), (17, np.float32(0.13183345)), (65, np.float32(0.1257917)), (32, np.float32(0.12514217)), (76, np.float32(0.119993925)), (25, np.float32(0.11992347)), (44, np.float32(0.11908637)), (54, np.float32(0.11822042)), (68, np.float32(0.11771604)), (82, np.float32(0.10977117)), (33, np.float32(0.105906665)), (27, np.float32(0.10583006)), (53, np.float32(0.10550551)), (60, np.float32(0.10442534)), (84, np.float32(0.094493315)), (80, np.float32(0.085684836)), (46, np.float32(0.083197154)), (23, np.float32(0.079339206)), (61, np.float32(0.076473534)), (63, np.float32(0.06344993)), (31, np.float32(0.06165443)), (69, np.float32(0.0441098))]"
2024-08-17,"[(45, np.float32(0.57798773)), (16, np.float32(0.5257736)), (62, np.float32(0.45598376)), (-1, np.float32(0.45087832)), (0, np.float32(0.4464074)), (55, np.float32(0.4129681)), (1, np.float32(0.40847722)), (8, np.float32(0.40320557)), (15, np.float32(0.3924625)), (68, np.float32(0.39127922)), (18, np.float32(0.38354078)), (50, np.float32(0.38322723)), (49, np.float32(0.37961018)), (46, np.float32(0.37196082)), (12, np.float32(0.36974984)), (74, np.float32(0.36289483)), (29, np.float32(0.3596149)), (43, np.float32(0.35942733)), (13, np.float32(0.35721114)), (51, np.float32(0.34796953)), (17, np.float32(0.34345967)), (9, np.float32(0.33719885)), (37, np.float32(0.33193028)), (14, np.float32(0.33158204)), (3, np.float32(0.330132)), (59, np.float32(0.32781547)), (4, np.float32(0.32280126)), (52, np.float32(0.32233375)), (66, np.float32(0.31938034)), (28, np.float32(0.31862214)), (38, np.float32(0.31326595)), (11, np.float32(0.3088277)), (40, np.float32(0.30815443)), (65, np.float32(0.30174813)), (48, np.float32(0.3003893)), (19, np.float32(0.2996981)), (76, np.float32(0.29638863)), (77, np.float32(0.2958551)), (7, np.float32(0.29506186)), (71, np.float32(0.2924552)), (42, np.float32(0.28780043)), (57, np.float32(0.28690636)), (72, np.float32(0.2859458)), (6, np.float32(0.2825504)), (83, np.float32(0.2783781)), (32, np.float32(0.2743048)), (56, np.float32(0.2726866)), (10, np.float32(0.27268273)), (5, np.float32(0.2696948)), (2, np.float32(0.26212218)), (24, np.float32(0.25892314)), (78, np.float32(0.25881574)), (22, np.float32(0.25713384)), (35, np.float32(0.25710183)), (53, np.float32(0.2563372)), (63, np.float32(0.2558668)), (26, np.float32(0.25160712)), (47, np.float32(0.25140923)), (58, np.float32(0.2506716)), (79, np.float32(0.24719039)), (36, np.float32(0.24525774)), (64, np.float32(0.24387404)), (33, np.float32(0.24355994)), (75, np.float32(0.2397082)), (23, np.float32(0.23757085)), (70, np.float32(0.23172802)), (21, np.float32(0.22830784)), (73, np.float32(0.22782613)), (41, np.float32(0.22776109)), (61, np.float32(0.22368464)), (69, np.float32(0.22106329)), (80, np.float32(0.22053081)), (31, np.float32(0.21892017)), (54, np.float32(0.21711478)), (67, np.float32(0.21411297)), (81, np.float32(0.20544586)), (25, np.float32(0.20439434)), (34, np.float32(0.19370331)), (82, np.float32(0.18822359)), (60, np.float32(0.18090594)), (30, np.float32(0.17786977)), (39, np.float32(0.16698398)), (84, np.float32(0.16122636)), (44, np.float32(0.11965124)), (27, np.float32(0.11228077)), (20, np.float32(0.10539471))]"
2024-08-24,"[(35, np.float32(0.45370072)), (7, np.float32(0.38265252)), (73, np.float32(0.34794208)), (17, np.float32(0.34061608)), (14, np.float32(0.3093108)), (21, np.float32(0.30881843)), (-1, np.float32(0.30489197)), (56, np.float32(0.3021281)), (9, np.float32(0.29391778)), (66, np.float32(0.2937742)), (0, np.float32(0.28974253)), (5, np.float32(0.28199598)), (47, np.float32(0.2817514)), (2, np.float32(0.2777049)), (30, np.float32(0.27403545)), (28, np.float32(0.27244163)), (6, np.float32(0.27206275)), (13, np.float32(0.27127463)), (33, np.float32(0.27124438)), (76, np.float32(0.2704221)), (10, np.float32(0.2686365)), (48, np.float32(0.26821706)), (16, np.float32(0.26510516)), (15, np.float32(0.2627684)), (52, np.float32(0.26171666)), (82, np.float32(0.26149538)), (1, np.float32(0.25803852)), (59, np.float32(0.25767428)), (44, np.float32(0.25242358)), (79, np.float32(0.24952257)), (19, np.float32(0.24732864)), (40, np.float32(0.24620028)), (55, np.float32(0.24137533)), (53, np.float32(0.2408502)), (25, np.float32(0.24058202)), (50, np.float32(0.23765774)), (77, np.float32(0.23692808)), (22, np.float32(0.23654753)), (54, np.float32(0.23597142)), (43, np.float32(0.23589405)), (63, np.float32(0.23190226)), (68, np.float32(0.2265992)), (26, np.float32(0.22355889)), (34, np.float32(0.2221124)), (65, np.float32(0.21510547)), (4, np.float32(0.21101153)), (29, np.float32(0.20903316)), (11, np.float32(0.20663148)), (8, np.float32(0.20166335)), (62, np.float32(0.20058791)), (75, np.float32(0.19912888)), (61, np.float32(0.19786978)), (37, np.float32(0.19749863)), (38, np.float32(0.19695386)), (12, np.float32(0.19208665)), (74, np.float32(0.18549329)), (72, np.float32(0.1849012)), (18, np.float32(0.17937459)), (36, np.float32(0.17783615)), (51, np.float32(0.17674728)), (32, np.float32(0.1750074)), (81, np.float32(0.17149284)), (45, np.float32(0.16730109)), (64, np.float32(0.16709675)), (49, np.float32(0.16534579)), (24, np.float32(0.16447037)), (60, np.float32(0.16018522)), (83, np.float32(0.16013633)), (69, np.float32(0.15572302)), (3, np.float32(0.14894935)), (41, np.float32(0.14821056)), (46, np.float32(0.14790162)), (80, np.float32(0.13883491)), (84, np.float32(0.13820228)), (78, np.float32(0.13617176)), (67, np.float32(0.13204801)), (57, np.float32(0.12840506)), (20, np.float32(0.12489934)), (31, np.float32(0.12255789)), (42, np.float32(0.119968414)), (70, np.float32(0.11210561)), (23, np.float32(0.11115886)), (58, np.float32(0.08755087)), (71, np.float32(0.08620887)), (39, np.float32(0.08611691)), (27, np.float32(-0.026848394))]"
2024-08-31,"[(45, np.float32(0.4606565)), (0, np.float32(0.44326013)), (-1, np.float32(0.43231055)), (16, np.float32(0.42056423)), (49, np.float32(0.39520305)), (43, np.float32(0.39283478)), (13, np.float32(0.3871448)), (8, np.float32(0.37254155)), (83, np.float32(0.3717134)), (46, np.float32(0.3658893)), (51, np.float32(0.3653131)), (23, np.float32(0.3610633)), (66, np.float32(0.36064056)), (15, np.float32(0.35005024)), (1, np.float32(0.3472641)), (28, np.float32(0.34262937)), (4, np.float32(0.33395526)), (74, np.float32(0.32731003)), (62, np.float32(0.32622638)), (50, np.float32(0.32319722)), (76, np.float32(0.31707174)), (12, np.float32(0.31617886)), (14, np.float32(0.31029367)), (52, np.float32(0.30620006)), (79, np.float32(0.30366397)), (55, np.float32(0.30077535)), (17, np.float32(0.2941786)), (63, np.float32(0.29094058)), (48, np.float32(0.28989506)), (2, np.float32(0.28918737)), (6, np.float32(0.27293277)), (59, np.float32(0.2725593)), (70, np.float32(0.26965556)), (32, np.float32(0.26785982)), (56, np.float32(0.26676822)), (67, np.float32(0.26660103)), (75, np.float32(0.26627725)), (61, np.float32(0.26415056)), (82, np.float32(0.2637378)), (42, np.float32(0.26250982)), (29, np.float32(0.26147902)), (80, np.float32(0.258718)), (68, np.float32(0.25539425)), (10, np.float32(0.25487226)), (21, np.float32(0.25477776)), (38, np.float32(0.25170666)), (5, np.float32(0.24886969)), (7, np.float32(0.24534342)), (31, np.float32(0.24507543)), (69, np.float32(0.24440923)), (25, np.float32(0.24250709)), (33, np.float32(0.24076328)), (40, np.float32(0.24011675)), (77, np.float32(0.2326855)), (73, np.float32(0.23237154)), (54, np.float32(0.23070544)), (19, np.float32(0.22965309)), (3, np.float32(0.22887966)), (18, np.float32(0.22463235)), (72, np.float32(0.22304657)), (35, np.float32(0.2209044)), (9, np.float32(0.21846247)), (65, np.float32(0.20947379)), (58, np.float32(0.20717648)), (71, np.float32(0.20636296)), (24, np.float32(0.20464459)), (30, np.float32(0.20322207)), (26, np.float32(0.2015286)), (47, np.float32(0.19962892)), (84, np.float32(0.19735518)), (53, np.float32(0.19664639)), (81, np.float32(0.19072536)), (34, np.float32(0.18859193)), (44, np.float32(0.18088232)), (78, np.float32(0.18006591)), (41, np.float32(0.17937952)), (36, np.float32(0.1772926)), (37, np.float32(0.16936803)), (60, np.float32(0.14806238)), (22, np.float32(0.14279777)), (11, np.float32(0.14121492)), (64, np.float32(0.106221884)), (20, np.float32(0.06103237)), (57, np.float32(0.056480628)), (39, np.float32(0.044726215)), (27, np.float32(0.0055046696))]"
2024-09-07,"[(45, np.float32(0.67426485)), (0, np.float32(0.6223747)), (-1, np.float32(0.6166179)), (49, np.float32(0.5354377)), (66, np.float32(0.53058654)), (1, np.float32(0.51278067)), (12, np.float32(0.5107398)), (74, np.float32(0.5025875)), (43, np.float32(0.50022084)), (8, np.float32(0.49167782)), (23, np.float32(0.49130595)), (55, np.float32(0.48740077)), (13, np.float32(0.48586735)), (4, np.float32(0.4802333)), (15, np.float32(0.47904354)), (16, np.float32(0.46918595)), (46, np.float32(0.4670745)), (51, np.float32(0.46295834)), (50, np.float32(0.4481555)), (28, np.float32(0.44674113)), (79, np.float32(0.4462331)), (11, np.float32(0.44458818)), (77, np.float32(0.43683583)), (10, np.float32(0.43255082)), (38, np.float32(0.42623234)), (32, np.float32(0.42430812)), (19, np.float32(0.42079827)), (9, np.float32(0.42062205)), (7, np.float32(0.42000112)), (14, np.float32(0.41974184)), (83, np.float32(0.41670534)), (18, np.float32(0.41612962)), (35, np.float32(0.41569108)), (68, np.float32(0.41332662)), (17, np.float32(0.40688854)), (52, np.float32(0.4066791)), (56, np.float32(0.40426487)), (78, np.float32(0.39871728)), (76, np.float32(0.39490765)), (48, np.float32(0.39277312)), (59, np.float32(0.38984972)), (3, np.float32(0.38916582)), (5, np.float32(0.38911378)), (42, np.float32(0.38644993)), (36, np.float32(0.38559794)), (62, np.float32(0.38232452)), (72, np.float32(0.38090283)), (6, np.float32(0.380795)), (67, np.float32(0.3805912)), (2, np.float32(0.3800956)), (26, np.float32(0.37826598)), (21, np.float32(0.3753983)), (34, np.float32(0.36998707)), (33, np.float32(0.36598822)), (37, np.float32(0.36163235)), (54, np.float32(0.36031762)), (61, np.float32(0.35987163)), (73, np.float32(0.358509)), (31, np.float32(0.35365528)), (22, np.float32(0.3529925)), (24, np.float32(0.35290712)), (70, np.float32(0.35198483)), (63, np.float32(0.34780967)), (58, np.float32(0.3471647)), (75, np.float32(0.34667194)), (81, np.float32(0.33433208)), (47, np.float32(0.33101085)), (65, np.float32(0.3283604)), (80, np.float32(0.32625744)), (25, np.float32(0.32327905)), (60, np.float32(0.32171023)), (71, np.float32(0.31598938)), (41, np.float32(0.30906403)), (84, np.float32(0.3077781)), (40, np.float32(0.30262148)), (82, np.float32(0.30207402)), (29, np.float32(0.2976505)), (53, np.float32(0.2927598)), (30, np.float32(0.29274082)), (69, np.float32(0.27390194)), (57, np.float32(0.25777668)), (64, np.float32(0.24651662)), (44, np.float32(0.19134936)), (39, np.float32(0.17295426)), (20, np.float32(0.15649031)), (27, np.float32(0.03278466))]"
2024-09-14,"[(45, np.float32(0.64272493)), (-1, np.float32(0.5198033)), (16, np.float32(0.5120164)), (0, np.float32(0.5047525)), (12, np.float32(0.5015038)), (55, np.float32(0.4975263)), (58, np.float32(0.49206388)), (38, np.float32(0.48114046)), (9, np.float32(0.47319055)), (1, np.float32(0.44491017)), (52, np.float32(0.44375476)), (74, np.float32(0.43886524)), (6, np.float32(0.42409736)), (15, np.float32(0.41976792)), (77, np.float32(0.4163899)), (2, np.float32(0.41303617)), (21, np.float32(0.41247633)), (72, np.float32(0.4123159)), (8, np.float32(0.41163337)), (4, np.float32(0.41083208)), (73, np.float32(0.4051579)), (62, np.float32(0.4030645)), (14, np.float32(0.400981)), (5, np.float32(0.40020967)), (70, np.float32(0.39739263)), (43, np.float32(0.3963256)), (67, np.float32(0.39626804)), (18, np.float32(0.38691068)), (19, np.float32(0.38581905)), (50, np.float32(0.38431996)), (28, np.float32(0.38336843)), (83, np.float32(0.38086388)), (33, np.float32(0.3800738)), (49, np.float32(0.37948686)), (51, np.float32(0.3764801)), (11, np.float32(0.3729937)), (10, np.float32(0.36608297)), (35, np.float32(0.3650189)), (36, np.float32(0.36447275)), (17, np.float32(0.36240995)), (3, np.float32(0.35998416)), (41, np.float32(0.3583891)), (78, np.float32(0.35578308)), (75, np.float32(0.35280392)), (59, np.float32(0.34545004)), (84, np.float32(0.34500605)), (66, np.float32(0.34389558)), (46, np.float32(0.34326825)), (40, np.float32(0.34260884)), (76, np.float32(0.3421095)), (13, np.float32(0.33985978)), (26, np.float32(0.33955765)), (47, np.float32(0.33919054)), (34, np.float32(0.3389206)), (64, np.float32(0.33814362)), (79, np.float32(0.337036)), (56, np.float32(0.33586273)), (37, np.float32(0.32919607)), (24, np.float32(0.32880247)), (29, np.float32(0.32326415)), (30, np.float32(0.31807378)), (7, np.float32(0.3164569)), (31, np.float32(0.3164197)), (22, np.float32(0.31306806)), (71, np.float32(0.30743158)), (25, np.float32(0.30544636)), (81, np.float32(0.30473077)), (82, np.float32(0.30247003)), (48, np.float32(0.30007797)), (54, np.float32(0.29457098)), (63, np.float32(0.28840944)), (69, np.float32(0.28835642)), (57, np.float32(0.28794634)), (68, np.float32(0.28531086)), (42, np.float32(0.2794349)), (60, np.float32(0.27369115)), (61, np.float32(0.2660465)), (23, np.float32(0.25344414)), (80, np.float32(0.25033444)), (65, np.float32(0.24839777)), (32, np.float32(0.23704839)), (53, np.float32(0.22885558)), (20, np.float32(0.20552649)), (44, np.float32(0.18250902)), (39, np.float32(0.180179)), (27, np.float32(0.11309392))]"
2024-09-21,"[(45, np.float32(0.507362)), (67, np.float32(0.4978109)), (38, np.float32(0.49709803)), (-1, np.float32(0.46535808)), (84, np.float32(0.45768207)), (0, np.float32(0.43845737)), (12, np.float32(0.42941147)), (58, np.float32(0.42425913)), (75, np.float32(0.4221471)), (52, np.float32(0.41062838)), (9, np.float32(0.40598625)), (33, np.float32(0.40318966)), (15, np.float32(0.40219426)), (8, np.float32(0.3896027)), (2, np.float32(0.3884634)), (4, np.float32(0.38283363)), (72, np.float32(0.37836897)), (77, np.float32(0.37800407)), (70, np.float32(0.37598497)), (50, np.float32(0.37348977)), (34, np.float32(0.3705195)), (51, np.float32(0.36775386)), (28, np.float32(0.36630484)), (76, np.float32(0.36279964)), (1, np.float32(0.35216454)), (40, np.float32(0.35000443)), (6, np.float32(0.34823084)), (10, np.float32(0.347845)), (19, np.float32(0.34565425)), (5, np.float32(0.34453195)), (48, np.float32(0.3402366)), (74, np.float32(0.33390206)), (43, np.float32(0.3336075)), (73, np.float32(0.33097202)), (83, np.float32(0.32989067)), (21, np.float32(0.3276567)), (31, np.float32(0.32631403)), (41, np.float32(0.3215285)), (13, np.float32(0.3187588)), (55, np.float32(0.31805718)), (16, np.float32(0.31648862)), (62, np.float32(0.3139856)), (30, np.float32(0.3136008)), (14, np.float32(0.31260082)), (17, np.float32(0.30997112)), (36, np.float32(0.30797336)), (24, np.float32(0.30375123)), (46, np.float32(0.3035062)), (63, np.float32(0.30228382)), (81, np.float32(0.30053735)), (47, np.float32(0.2961769)), (18, np.float32(0.29556376)), (56, np.float32(0.291808)), (11, np.float32(0.29111728)), (29, np.float32(0.27844417)), (49, np.float32(0.27501863)), (64, np.float32(0.26684093)), (7, np.float32(0.26573247)), (78, np.float32(0.2637242)), (26, np.float32(0.26065236)), (82, np.float32(0.2600031)), (54, np.float32(0.25869215)), (71, np.float32(0.25780687)), (69, np.float32(0.25591937)), (25, np.float32(0.2517244)), (37, np.float32(0.25088435)), (60, np.float32(0.24994095)), (3, np.float32(0.24847467)), (22, np.float32(0.23823726)), (61, np.float32(0.2372384)), (59, np.float32(0.22912818)), (42, np.float32(0.22714141)), (53, np.float32(0.22278622)), (23, np.float32(0.21878573)), (57, np.float32(0.21877828)), (66, np.float32(0.2129775)), (79, np.float32(0.20452878)), (80, np.float32(0.19636568)), (68, np.float32(0.19585747)), (35, np.float32(0.19080794)), (65, np.float32(0.17199972)), (32, np.float32(0.14367858)), (44, np.float32(0.1309999)), (39, np.float32(0.123096615)), (20, np.float32(0.11990211)), (27, np.float32(0.0890812))]"
2024-09-28,"[(8, np.float32(0.7667794)), (-1, np.float32(0.68167245)), (0, np.float32(0.66166306)), (50, np.float32(0.60992837)), (75, np.float32(0.57878006)), (28, np.float32(0.5618016)), (76, np.float32(0.5596338)), (16, np.float32(0.55050236)), (15, np.float32(0.54242945)), (52, np.float32(0.53268194)), (46, np.float32(0.52957857)), (1, np.float32(0.52786595)), (84, np.float32(0.5253535)), (45, np.float32(0.5170288)), (40, np.float32(0.514264)), (9, np.float32(0.5129361)), (4, np.float32(0.5092038)), (19, np.float32(0.50898284)), (13, np.float32(0.50751704)), (5, np.float32(0.5035536)), (77, np.float32(0.50055933)), (38, np.float32(0.5002174)), (10, np.float32(0.5000832)), (62, np.float32(0.49758196)), (17, np.float32(0.4896118)), (33, np.float32(0.483939)), (2, np.float32(0.4791835)), (6, np.float32(0.47254753)), (43, np.float32(0.47104907)), (29, np.float32(0.46972865)), (21, np.float32(0.46918726)), (48, np.float32(0.46836084)), (7, np.float32(0.46534055)), (70, np.float32(0.46366686)), (14, np.float32(0.46339402)), (26, np.float32(0.46133465)), (51, np.float32(0.46075368)), (37, np.float32(0.4586892)), (72, np.float32(0.45228004)), (63, np.float32(0.45000625)), (83, np.float32(0.44968638)), (67, np.float32(0.44752702)), (35, np.float32(0.44489416)), (3, np.float32(0.4407949)), (31, np.float32(0.4398597)), (12, np.float32(0.4397988)), (55, np.float32(0.4385715)), (47, np.float32(0.43707326)), (54, np.float32(0.43531457)), (34, np.float32(0.43107936)), (74, np.float32(0.4287389)), (56, np.float32(0.42839003)), (79, np.float32(0.42778808)), (42, np.float32(0.4256792)), (11, np.float32(0.40975535)), (18, np.float32(0.4044096)), (69, np.float32(0.39934847)), (25, np.float32(0.39512116)), (73, np.float32(0.39031723)), (58, np.float32(0.38976812)), (49, np.float32(0.3891682)), (65, np.float32(0.38539273)), (78, np.float32(0.38406205)), (36, np.float32(0.37596017)), (71, np.float32(0.37547928)), (81, np.float32(0.37344432)), (22, np.float32(0.3697611)), (30, np.float32(0.36912125)), (66, np.float32(0.3674509)), (41, np.float32(0.36688018)), (82, np.float32(0.36687914)), (57, np.float32(0.36319548)), (61, np.float32(0.3605671)), (59, np.float32(0.36047128)), (68, np.float32(0.35702425)), (24, np.float32(0.35373133)), (53, np.float32(0.35166162)), (23, np.float32(0.3337934)), (44, np.float32(0.33160993)), (80, np.float32(0.3205799)), (60, np.float32(0.3186872)), (32, np.float32(0.29970968)), (64, np.float32(0.29711664)), (20, np.float32(0.22447787)), (27, np.float32(0.1332463)), (39, np.float32(0.12901525))]"
2024-10-05,"[(0, np.float32(0.5044019)), (-1, np.float32(0.49060577)), (62, np.float32(0.47239184)), (55, np.float32(0.46789464)), (1, np.float32(0.4519723)), (16, np.float32(0.45089397)), (37, np.float32(0.44692445)), (11, np.float32(0.43667543)), (42, np.float32(0.42685413)), (78, np.float32(0.41698235)), (65, np.float32(0.41428053)), (24, np.float32(0.41203648)), (29, np.float32(0.40531376)), (74, np.float32(0.39966077)), (3, np.float32(0.37822407)), (56, np.float32(0.37748122)), (19, np.float32(0.37618715)), (4, np.float32(0.37506256)), (49, np.float32(0.37071782)), (60, np.float32(0.36627185)), (28, np.float32(0.3661755)), (18, np.float32(0.36151835)), (36, np.float32(0.35866728)), (9, np.float32(0.35866404)), (38, np.float32(0.3577481)), (8, np.float32(0.35281557)), (68, np.float32(0.35181016)), (45, np.float32(0.35122752)), (7, np.float32(0.3509524)), (12, np.float32(0.35069662)), (50, np.float32(0.34850985)), (53, np.float32(0.34593126)), (10, np.float32(0.3450786)), (79, np.float32(0.34236133)), (57, np.float32(0.34160012)), (76, np.float32(0.33683962)), (17, np.float32(0.33443326)), (48, np.float32(0.3276679)), (32, np.float32(0.32750934)), (15, np.float32(0.3240637)), (71, np.float32(0.3213842)), (72, np.float32(0.3203726)), (5, np.float32(0.31488925)), (81, np.float32(0.31417257)), (22, np.float32(0.3119957)), (14, np.float32(0.3111745)), (40, np.float32(0.30572402)), (51, np.float32(0.3041401)), (13, np.float32(0.3036515)), (66, np.float32(0.30100977)), (70, np.float32(0.29918826)), (52, np.float32(0.29880056)), (41, np.float32(0.2899946)), (77, np.float32(0.28857255)), (26, np.float32(0.28837124)), (80, np.float32(0.2872023)), (43, np.float32(0.28265858)), (58, np.float32(0.27904043)), (59, np.float32(0.27591884)), (21, np.float32(0.27457154)), (35, np.float32(0.26969755)), (6, np.float32(0.26850018)), (46, np.float32(0.2674805)), (75, np.float32(0.258007)), (63, np.float32(0.25789347)), (64, np.float32(0.2548135)), (47, np.float32(0.25436732)), (73, np.float32(0.2541694)), (84, np.float32(0.24910632)), (23, np.float32(0.24572095)), (31, np.float32(0.2416243)), (83, np.float32(0.23855497)), (25, np.float32(0.23718421)), (34, np.float32(0.23670614)), (2, np.float32(0.23457398)), (33, np.float32(0.22349739)), (30, np.float32(0.19340354)), (82, np.float32(0.1861991)), (54, np.float32(0.1861749)), (69, np.float32(0.18512866)), (61, np.float32(0.1840351)), (20, np.float32(0.18023644)), (67, np.float32(0.18010515)), (27, np.float32(0.11010709)), (39, np.float32(0.10808796)), (44, np.float32(0.09499365))]"
2024-10-12,"[(20, np.float32(0.37666395)), (3, np.float32(0.22384997)), (35, np.float32(0.21775247)), (66, np.float32(0.21747838)), (-1, np.float32(0.21569712)), (13, np.float32(0.21251678)), (0, np.float32(0.21251398)), (12, np.float32(0.21072245)), (1, np.float32(0.20935884)), (8, np.float32(0.20870271)), (27, np.float32(0.20234075)), (6, np.float32(0.19703086)), (32, np.float32(0.19668834)), (31, np.float32(0.1942867)), (4, np.float32(0.19170429)), (65, np.float32(0.1884021)), (7, np.float32(0.186978)), (14, np.float32(0.18646324)), (79, np.float32(0.18504617)), (59, np.float32(0.18501556)), (53, np.float32(0.17772439)), (54, np.float32(0.17707935)), (68, np.float32(0.17677888)), (17, np.float32(0.17676905)), (21, np.float32(0.17623271)), (16, np.float32(0.17433274)), (5, np.float32(0.17291711)), (75, np.float32(0.172089)), (72, np.float32(0.16922998)), (55, np.float32(0.16557476)), (2, np.float32(0.16006257)), (80, np.float32(0.15808299)), (26, np.float32(0.15738676)), (43, np.float32(0.15730795)), (51, np.float32(0.15723586)), (81, np.float32(0.15638287)), (33, np.float32(0.1562362)), (29, np.float32(0.15082312)), (23, np.float32(0.1457518)), (18, np.float32(0.1443167)), (44, np.float32(0.14225301)), (45, np.float32(0.14202406)), (63, np.float32(0.14180534)), (9, np.float32(0.13978894)), (41, np.float32(0.1389821)), (28, np.float32(0.13772283)), (42, np.float32(0.13752232)), (10, np.float32(0.1367131)), (82, np.float32(0.13587517)), (25, np.float32(0.13554484)), (73, np.float32(0.13486235)), (52, np.float32(0.13448381)), (37, np.float32(0.13320914)), (47, np.float32(0.13258979)), (61, np.float32(0.13256931)), (34, np.float32(0.12955594)), (15, np.float32(0.1271122)), (70, np.float32(0.1259879)), (62, np.float32(0.12477782)), (39, np.float32(0.12416521)), (76, np.float32(0.12346102)), (57, np.float32(0.11749944)), (69, np.float32(0.115900174)), (40, np.float32(0.115141965)), (19, np.float32(0.11430534)), (46, np.float32(0.1124246)), (24, np.float32(0.11240441)), (36, np.float32(0.11109795)), (74, np.float32(0.10951744)), (71, np.float32(0.10520953)), (11, np.float32(0.10343526)), (78, np.float32(0.102289505)), (64, np.float32(0.09966733)), (50, np.float32(0.09776088)), (56, np.float32(0.093611695)), (77, np.float32(0.0892279)), (30, np.float32(0.08663607)), (83, np.float32(0.08292884)), (49, np.float32(0.082478106)), (58, np.float32(0.082263604)), (84, np.float32(0.08210434)), (22, np.float32(0.08092734)), (48, np.float32(0.07632105)), (60, np.float32(0.073248185)), (38, np.float32(0.072209105)), (67, np.float32(0.055119812))]"
2024-10-19,"[(0, np.float32(0.55439955)), (-1, np.float32(0.55407214)), (23, np.float32(0.5190313)), (43, np.float32(0.50641775)), (46, np.float32(0.49216607)), (13, np.float32(0.48805904)), (7, np.float32(0.48031133)), (66, np.float32(0.47131354)), (4, np.float32(0.4592889)), (68, np.float32(0.44658393)), (51, np.float32(0.44418997)), (49, np.float32(0.44291067)), (32, np.float32(0.4228577)), (42, np.float32(0.42245382)), (10, np.float32(0.41258907)), (40, np.float32(0.410053)), (15, np.float32(0.40711465)), (18, np.float32(0.40489316)), (37, np.float32(0.40445852)), (8, np.float32(0.40412188)), (56, np.float32(0.40006578)), (1, np.float32(0.39733014)), (31, np.float32(0.3889146)), (74, np.float32(0.38596928)), (35, np.float32(0.38475806)), (16, np.float32(0.38364953)), (28, np.float32(0.3763057)), (59, np.float32(0.37542737)), (47, np.float32(0.3714725)), (65, np.float32(0.365959)), (78, np.float32(0.36216113)), (11, np.float32(0.36072478)), (79, np.float32(0.35730916)), (77, np.float32(0.35554206)), (5, np.float32(0.3552102)), (63, np.float32(0.35330224)), (50, np.float32(0.35279304)), (71, np.float32(0.3508985)), (45, np.float32(0.35012972)), (76, np.float32(0.3427428)), (26, np.float32(0.34231454)), (41, np.float32(0.34187058)), (54, np.float32(0.34176424)), (52, np.float32(0.34164253)), (17, np.float32(0.33975178)), (12, np.float32(0.33951846)), (14, np.float32(0.33812004)), (61, np.float32(0.33649346)), (24, np.float32(0.335165)), (83, np.float32(0.33151084)), (55, np.float32(0.3238405)), (22, np.float32(0.31918028)), (48, np.float32(0.31651086)), (73, np.float32(0.3156526)), (33, np.float32(0.31429848)), (9, np.float32(0.3106082)), (38, np.float32(0.31038582)), (72, np.float32(0.31010133)), (60, np.float32(0.3061651)), (19, np.float32(0.30542943)), (53, np.float32(0.30453086)), (29, np.float32(0.30349272)), (81, np.float32(0.30018568)), (82, np.float32(0.29714182)), (3, np.float32(0.294249)), (30, np.float32(0.29054037)), (57, np.float32(0.2900095)), (34, np.float32(0.28764647)), (62, np.float32(0.28638247)), (25, np.float32(0.28634796)), (21, np.float32(0.28413543)), (36, np.float32(0.2728019)), (80, np.float32(0.27163243)), (70, np.float32(0.27013087)), (75, np.float32(0.26989824)), (67, np.float32(0.2672557)), (6, np.float32(0.25496176)), (69, np.float32(0.25087836)), (84, np.float32(0.2401762)), (2, np.float32(0.23057157)), (64, np.float32(0.22775275)), (58, np.float32(0.19939744)), (44, np.float32(0.0951401)), (20, np.float32(0.06698542)), (27, np.float32(0.03206283)), (39, np.float32(0.008255819))]"
2024-10-26,"[(16, np.float32(0.43402767)), (62, np.float32(0.37529474)), (1, np.float32(0.3437377)), (32, np.float32(0.34098327)), (-1, np.float32(0.31848985)), (29, np.float32(0.31551248)), (0, np.float32(0.31436008)), (68, np.float32(0.30081332)), (42, np.float32(0.29921484)), (66, np.float32(0.29874626)), (28, np.float32(0.28927943)), (65, np.float32(0.28432718)), (51, np.float32(0.28318033)), (4, np.float32(0.2697857)), (50, np.float32(0.26387772)), (49, np.float32(0.26207507)), (8, np.float32(0.25737414)), (40, np.float32(0.25596523)), (74, np.float32(0.25498778)), (13, np.float32(0.25459558)), (7, np.float32(0.25332195)), (57, np.float32(0.25223413)), (55, np.float32(0.2521982)), (56, np.float32(0.25154138)), (83, np.float32(0.24821128)), (23, np.float32(0.24255905)), (17, np.float32(0.24184605)), (14, np.float32(0.239557)), (79, np.float32(0.2387863)), (48, np.float32(0.23867442)), (43, np.float32(0.22809038)), (80, np.float32(0.228041)), (19, np.float32(0.22179796)), (37, np.float32(0.22054024)), (26, np.float32(0.2145442)), (53, np.float32(0.21149954)), (71, np.float32(0.21013923)), (46, np.float32(0.20338665)), (11, np.float32(0.20263119)), (15, np.float32(0.20251328)), (59, np.float32(0.20237404)), (18, np.float32(0.20137304)), (35, np.float32(0.19851063)), (54, np.float32(0.19788808)), (76, np.float32(0.1962741)), (9, np.float32(0.19480786)), (63, np.float32(0.19432849)), (84, np.float32(0.19237486)), (6, np.float32(0.18984006)), (52, np.float32(0.18903475)), (61, np.float32(0.18820433)), (25, np.float32(0.18518224)), (10, np.float32(0.18493673)), (45, np.float32(0.18465403)), (3, np.float32(0.18308148)), (24, np.float32(0.18077591)), (33, np.float32(0.17685854)), (2, np.float32(0.17525618)), (69, np.float32(0.17192875)), (5, np.float32(0.17184299)), (12, np.float32(0.17035791)), (82, np.float32(0.16929057)), (78, np.float32(0.16552947)), (77, np.float32(0.16330978)), (70, np.float32(0.16305628)), (21, np.float32(0.16218711)), (64, np.float32(0.15565288)), (75, np.float32(0.15055266)), (73, np.float32(0.14843228)), (27, np.float32(0.1462596)), (58, np.float32(0.14601591)), (72, np.float32(0.14466122)), (47, np.float32(0.14125277)), (31, np.float32(0.14092079)), (41, np.float32(0.13449357)), (30, np.float32(0.13009286)), (38, np.float32(0.119135916)), (36, np.float32(0.11912793)), (81, np.float32(0.1185265)), (22, np.float32(0.114260934)), (60, np.float32(0.11394305)), (34, np.float32(0.108364254)), (20, np.float32(0.09875683)), (44, np.float32(0.07495388)), (67, np.float32(0.035440173)), (39, np.float32(0.028958242))]"
2024-11-02,"[(-1, np.float32(0.5102725)), (40, np.float32(0.49293458)), (45, np.float32(0.48665172)), (12, np.float32(0.4780197)), (0, np.float32(0.4757749)), (24, np.float32(0.47005624)), (36, np.float32(0.4694812)), (52, np.float32(0.45616683)), (81, np.float32(0.44959307)), (15, np.float32(0.44553572)), (50, np.float32(0.43595266)), (16, np.float32(0.43131343)), (71, np.float32(0.4251437)), (57, np.float32(0.40737092)), (37, np.float32(0.40734255)), (70, np.float32(0.40724152)), (4, np.float32(0.40024894)), (13, np.float32(0.40009528)), (21, np.float32(0.39819396)), (76, np.float32(0.3957412)), (1, np.float32(0.39568472)), (17, np.float32(0.39080992)), (67, np.float32(0.38443267)), (28, np.float32(0.3823068)), (14, np.float32(0.37905008)), (3, np.float32(0.37374958)), (72, np.float32(0.37294537)), (65, np.float32(0.369803)), (2, np.float32(0.3669254)), (77, np.float32(0.36612183)), (9, np.float32(0.3649968)), (29, np.float32(0.36341903)), (42, np.float32(0.3632217)), (75, np.float32(0.3623)), (10, np.float32(0.36102802)), (8, np.float32(0.3606773)), (38, np.float32(0.3573981)), (7, np.float32(0.35674828)), (11, np.float32(0.35645744)), (32, np.float32(0.35548744)), (56, np.float32(0.353508)), (19, np.float32(0.352952)), (49, np.float32(0.34381947)), (74, np.float32(0.34097797)), (6, np.float32(0.33738437)), (68, np.float32(0.33489865)), (41, np.float32(0.33104047)), (25, np.float32(0.33034185)), (43, np.float32(0.32879752)), (26, np.float32(0.32672513)), (62, np.float32(0.3261609)), (34, np.float32(0.3249528)), (64, np.float32(0.32414445)), (84, np.float32(0.31779015)), (55, np.float32(0.31616992)), (51, np.float32(0.31459293)), (54, np.float32(0.31458336)), (23, np.float32(0.30927527)), (48, np.float32(0.307678)), (33, np.float32(0.3064861)), (66, np.float32(0.30476755)), (53, np.float32(0.30417085)), (79, np.float32(0.29830495)), (73, np.float32(0.29745668)), (58, np.float32(0.29559332)), (46, np.float32(0.29508978)), (47, np.float32(0.2949565)), (5, np.float32(0.29426157)), (61, np.float32(0.29137704)), (63, np.float32(0.28258404)), (78, np.float32(0.28097257)), (18, np.float32(0.27887422)), (35, np.float32(0.27584967)), (31, np.float32(0.26223022)), (60, np.float32(0.2566661)), (59, np.float32(0.2496604)), (30, np.float32(0.24941026)), (22, np.float32(0.23641185)), (44, np.float32(0.22817838)), (20, np.float32(0.22554964)), (82, np.float32(0.22065905)), (80, np.float32(0.21678364)), (83, np.float32(0.21048336)), (69, np.float32(0.19757566)), (27, np.float32(0.113014884)), (39, np.float32(0.094564736))]"
2024-11-09,"[(45, np.float32(0.68695)), (16, np.float32(0.5972514)), (62, np.float32(0.5152895)), (-1, np.float32(0.47900683)), (1, np.float32(0.47601318)), (8, np.float32(0.4731906)), (0, np.float32(0.4695558)), (46, np.float32(0.45151913)), (50, np.float32(0.44707036)), (68, np.float32(0.43387645)), (14, np.float32(0.42819738)), (12, np.float32(0.40795523)), (42, np.float32(0.40672597)), (65, np.float32(0.40017542)), (11, np.float32(0.3983966)), (17, np.float32(0.39291182)), (49, np.float32(0.38964635)), (15, np.float32(0.38191622)), (18, np.float32(0.37891585)), (37, np.float32(0.37759662)), (13, np.float32(0.3751126)), (3, np.float32(0.37217882)), (71, np.float32(0.37141094)), (28, np.float32(0.368223)), (78, np.float32(0.3610499)), (4, np.float32(0.35887492)), (43, np.float32(0.35849738)), (29, np.float32(0.3569823)), (74, np.float32(0.3509789)), (7, np.float32(0.35012057)), (76, np.float32(0.34376693)), (55, np.float32(0.3354742)), (9, np.float32(0.3302192)), (83, np.float32(0.32993537)), (57, np.float32(0.326556)), (22, np.float32(0.32612827)), (73, np.float32(0.32263365)), (40, np.float32(0.32262278)), (5, np.float32(0.32167298)), (48, np.float32(0.3183008)), (56, np.float32(0.31769043)), (10, np.float32(0.31725752)), (64, np.float32(0.31713408)), (19, np.float32(0.31677198)), (24, np.float32(0.30704677)), (51, np.float32(0.29538646)), (66, np.float32(0.29266885)), (21, np.float32(0.29207322)), (53, np.float32(0.28961754)), (32, np.float32(0.28749546)), (77, np.float32(0.2820222)), (35, np.float32(0.280052)), (6, np.float32(0.27872807)), (47, np.float32(0.27215612)), (52, np.float32(0.27044523)), (26, np.float32(0.26909795)), (38, np.float32(0.26870006)), (33, np.float32(0.2667946)), (79, np.float32(0.2642976)), (61, np.float32(0.26411313)), (2, np.float32(0.26399612)), (80, np.float32(0.26292282)), (23, np.float32(0.26076052)), (25, np.float32(0.25907558)), (58, np.float32(0.25617164)), (75, np.float32(0.25596464)), (30, np.float32(0.25436592)), (59, np.float32(0.25377107)), (72, np.float32(0.25357214)), (82, np.float32(0.24710524)), (41, np.float32(0.24451119)), (84, np.float32(0.24441126)), (69, np.float32(0.24318936)), (36, np.float32(0.23537134)), (81, np.float32(0.23372772)), (63, np.float32(0.23353074)), (54, np.float32(0.22685665)), (60, np.float32(0.22279772)), (31, np.float32(0.22076705)), (44, np.float32(0.209268)), (70, np.float32(0.2091485)), (27, np.float32(0.18645942)), (34, np.float32(0.17389375)), (20, np.float32(0.14633752)), (67, np.float32(0.11703132)), (39, np.float32(0.06922741))]"
2024-11-16,"[(45, np.float32(0.5239707)), (12, np.float32(0.4293281)), (1, np.float32(0.35832843)), (0, np.float32(0.27568722)), (-1, np.float32(0.2724077)), (2, np.float32(0.2721128)), (55, np.float32(0.27124146)), (16, np.float32(0.2697777)), (9, np.float32(0.26287925)), (73, np.float32(0.25664884)), (18, np.float32(0.24733047)), (62, np.float32(0.24201885)), (59, np.float32(0.23950073)), (80, np.float32(0.23833829)), (50, np.float32(0.23803039)), (3, np.float32(0.23653406)), (49, np.float32(0.23626018)), (51, np.float32(0.23544641)), (21, np.float32(0.2335661)), (6, np.float32(0.2317386)), (4, np.float32(0.23115581)), (5, np.float32(0.2295381)), (58, np.float32(0.22490725)), (8, np.float32(0.22429284)), (74, np.float32(0.22239819)), (19, np.float32(0.22123602)), (42, np.float32(0.21839012)), (72, np.float32(0.20888202)), (83, np.float32(0.20623668)), (60, np.float32(0.20522338)), (10, np.float32(0.2044608)), (26, np.float32(0.20316)), (38, np.float32(0.20285495)), (30, np.float32(0.20109564)), (28, np.float32(0.19799991)), (48, np.float32(0.19650231)), (70, np.float32(0.19589311)), (17, np.float32(0.1953753)), (20, np.float32(0.19467384)), (78, np.float32(0.19391759)), (22, np.float32(0.19282627)), (66, np.float32(0.19255984)), (79, np.float32(0.19143374)), (15, np.float32(0.18973613)), (33, np.float32(0.18972532)), (13, np.float32(0.18839802)), (69, np.float32(0.18707159)), (25, np.float32(0.18494765)), (82, np.float32(0.18480483)), (44, np.float32(0.18428509)), (14, np.float32(0.1833857)), (43, np.float32(0.18048885)), (47, np.float32(0.17970756)), (54, np.float32(0.17548925)), (34, np.float32(0.17529295)), (11, np.float32(0.17494065)), (35, np.float32(0.17415214)), (7, np.float32(0.17377974)), (76, np.float32(0.17348701)), (29, np.float32(0.17278628)), (77, np.float32(0.17249562)), (61, np.float32(0.16994715)), (36, np.float32(0.16528992)), (39, np.float32(0.16437197)), (68, np.float32(0.1613684)), (71, np.float32(0.16112494)), (52, np.float32(0.16091001)), (46, np.float32(0.16048193)), (37, np.float32(0.15220422)), (65, np.float32(0.14965937)), (41, np.float32(0.14841893)), (56, np.float32(0.1474315)), (75, np.float32(0.1420126)), (67, np.float32(0.14013079)), (63, np.float32(0.13287094)), (84, np.float32(0.13171214)), (23, np.float32(0.13057703)), (81, np.float32(0.12588495)), (57, np.float32(0.120741725)), (64, np.float32(0.11467636)), (24, np.float32(0.11143535)), (40, np.float32(0.11113239)), (53, np.float32(0.10838266)), (32, np.float32(0.10751742)), (27, np.float32(0.0913908)), (31, np.float32(0.048917152))]"
2024-11-23,"[(60, np.float32(0.5190909)), (25, np.float32(0.50291)), (5, np.float32(0.4330165)), (45, np.float32(0.41673303)), (0, np.float32(0.37537575)), (47, np.float32(0.3714956)), (18, np.float32(0.36461294)), (1, np.float32(0.35899523)), (-1, np.float32(0.35699987)), (7, np.float32(0.34476113)), (8, np.float32(0.3428436)), (59, np.float32(0.341033)), (49, np.float32(0.3244126)), (30, np.float32(0.30510288)), (75, np.float32(0.30081123)), (22, np.float32(0.30043042)), (55, np.float32(0.29859155)), (9, np.float32(0.2983603)), (50, np.float32(0.29720974)), (69, np.float32(0.29333687)), (13, np.float32(0.29283723)), (80, np.float32(0.29250133)), (62, np.float32(0.29129565)), (4, np.float32(0.29039526)), (42, np.float32(0.284962)), (63, np.float32(0.28495866)), (33, np.float32(0.2790534)), (73, np.float32(0.2741297)), (10, np.float32(0.27026668)), (74, np.float32(0.2688285)), (82, np.float32(0.26845053)), (35, np.float32(0.26670486)), (46, np.float32(0.26457345)), (53, np.float32(0.26068902)), (17, np.float32(0.25567335)), (37, np.float32(0.25545874)), (48, np.float32(0.2542738)), (79, np.float32(0.2542285)), (56, np.float32(0.25182182)), (19, np.float32(0.2487861)), (12, np.float32(0.24747045)), (76, np.float32(0.24356462)), (31, np.float32(0.23531066)), (51, np.float32(0.23208302)), (3, np.float32(0.2309708)), (16, np.float32(0.22751488)), (28, np.float32(0.22664963)), (15, np.float32(0.22408266)), (21, np.float32(0.22315086)), (84, np.float32(0.22124703)), (72, np.float32(0.21726647)), (38, np.float32(0.21541439)), (14, np.float32(0.21118216)), (6, np.float32(0.20495178)), (52, np.float32(0.20065558)), (2, np.float32(0.19724654)), (26, np.float32(0.1853895)), (43, np.float32(0.18287264)), (78, np.float32(0.1823037)), (58, np.float32(0.18150501)), (34, np.float32(0.17182136)), (70, np.float32(0.17072515)), (66, np.float32(0.16849428)), (41, np.float32(0.16543181)), (61, np.float32(0.15847948)), (29, np.float32(0.15777051)), (65, np.float32(0.1546269)), (77, np.float32(0.1508635)), (81, np.float32(0.14591485)), (54, np.float32(0.14393923)), (36, np.float32(0.14322807)), (68, np.float32(0.14052539)), (39, np.float32(0.13781917)), (11, np.float32(0.13772458)), (44, np.float32(0.12239871)), (32, np.float32(0.12003808)), (67, np.float32(0.1169812)), (24, np.float32(0.11219251)), (71, np.float32(0.10899906)), (23, np.float32(0.108021274)), (40, np.float32(0.09776864)), (83, np.float32(0.097726956)), (57, np.float32(0.06480784)), (20, np.float32(0.044229154)), (64, np.float32(0.0089879325)), (27, np.float32(-0.0075559607))]"
